FunctionalSize,NormalisedWorkEffortLevel1,NormalisedLevel1PDR,ProjectElapsedTime,DevelopmentType,OrganisationType,BusinessAreaType,ApplicationType,DevelopmentPlatform,LanguageType,PrimaryProgrammingLanguage,MaxTeamSize,AvgTeamSize,Year,FPLn,NormWorkEffL1Ln,NormL1PDRLn,MaxTeamSizeLn,AvgTeamSizeLn,PETLn 
3,28,9.3,0,Enhancement,,,,,,,,,2004,1.098612,3.332205,2.230014,,,
620,18160,29.3,7,New_Development,Insurance,,MIS,MF,3GL,Java,,,2000,6.429719,9.806977,3.377588,,,1.94591
730,20975,28.7,,Enhancement,Ordering,,MIS,MF,3GL,C,,,2002,6.593045,9.951087,3.356897,,,
114,7290,63.9,,Enhancement,Voice_Provisioning,,VoiceProvisioning,,3GL,C,,,2002,4.736198,8.894259,4.157319,,,
460,2253,4.9,4,Enhancement,,,,,,,5,,1997,6.131226,7.720018,1.589235,1.609438,,1.386294
7,396,56.6,1.87,Enhancement,,,,,4GL,ORACLE,,,2004,1.94591,5.981414,4.036009,,,0.625938
80,3199,40,13.7,Enhancement,,,TransactionProductionSystem,MF,3GL,COBOL,3.5,,1999,4.382027,8.070594,3.688879,1.252763,,2.617396
4,145,36.3,0.1,Enhancement,Banking,,FinancialAccounting,MF,3GL,PL/I,,,2000,1.386294,4.976734,3.591818,,,-2.302585
309,2516,8.1,3,New_Development,Insurance,,FinancialAccounting,PC,4GL,VB,,,2001,5.733341,7.830426,2.091864,,,1.098612
69,2915,42.2,9,New_Development,,,,,3GL,Java,,,2003,4.234107,7.977625,3.74242,,,2.197225
275,1888,6.9,5.46,Enhancement,,,,,,,,,2004,5.616771,7.543273,1.931521,,,1.697449
68,2710,39.9,3,Enhancement,Insurance,,FinancialAccounting,MF,3GL,COBOL,,,2002,4.219508,7.904704,3.686376,,,1.098612
12,343,28.6,2.5,Enhancement,,,,,4GL,ORACLE,,,2004,2.484907,5.83773,3.353407,,,0.916291
702,4805,6.8,12.3,New_Development,Manufacturing,,FinancialAccounting,Multi,4GL,SQL,,,2001,6.553933,8.477412,1.916923,,,2.509599
154,2408,15.6,6,New_Development,Banking,Banking,,MF,3GL,COBOL,9,3.4,1995,5.036953,7.786552,2.747271,2.197225,1.223775,1.791759
46,4063,88.3,7,Enhancement,Communications,Telecommunications,MIS,,4GL,ORACLE,11,11,1999,3.828641,8.309677,4.48074,2.397895,2.397895,1.94591
203,1822,9,,Enhancement,,,,,3GL,Java,,,2004,5.313206,7.50769,2.197225,,,
14,180,12.9,3,Enhancement,Banking,,FinancialAccounting,MF,3GL,PL/I,,,2001,2.639057,5.192957,2.557227,,,1.098612
687,1788,2.6,6,Enhancement,,,,,,,4,,1999,6.532334,7.488853,0.955511,1.386294,,1.791759
28,686,24.5,4,New_Development,,,,,3GL,VB,4,,2000,3.332205,6.530878,3.198673,1.386294,,1.386294
24,2347,97.8,2.7,Enhancement,Banking,,FinancialAccounting,MF,3GL,PL/I,,,2001,3.178054,7.760893,4.582925,,,0.993252
324,5867,18.1,12,New_Development,Banking,Banking,TransactionProductionSystem,MF,3GL,COBOL,8,3.2,1995,5.780744,8.677099,2.895912,2.079442,1.163151,2.484907
113,1847,16.3,2.56,Enhancement,,,,,4GL,ORACLE,,,2004,4.727388,7.521318,2.791165,,,0.940007
307,2994,9.8,13,Enhancement,Communications,Telecommunications,TransactionProductionSystem,,3GL,C,11,11,1999,5.726848,8.004366,2.282382,2.397895,2.397895,2.564949
87,1606,18.5,4,Enhancement,Communications,Telecommunications,MIS,,4GL,ORACLE,4,4,1999,4.465908,7.381502,2.917771,1.386294,1.386294,1.386294
745,15112,20.3,,Enhancement,,,NetworkManagement,,3GL,C,,,2004,6.613384,9.623244,3.010621,,,
77,1936,25.1,6,Enhancement,Communications,Telecommunications,TransactionProductionSystem,,3GL,COBOL,6,6,1999,4.343805,7.568379,3.222868,1.791759,1.791759,1.791759
49,161,3.3,1.84,Enhancement,,,,,4GL,ORACLE,,,2004,3.89182,5.081404,1.193922,,,0.609766
161,9719,60.4,,Enhancement,Ordering,,MIS,MF,3GL,C,,,2002,5.081404,9.181838,4.100989,,,
387,1235,3.2,5,Enhancement,,,,,,,4,,1997,5.958425,7.118826,1.163151,1.386294,,1.609438
340,676,2,7,Enhancement,Communications,Telecommunications,TransactionProductionSystem,MR,4GL,ORACLE,3,3,2000,5.828946,6.516193,0.693147,1.098612,1.098612,1.94591
51,417,8.2,3,Enhancement,,,,,,,5,,1999,3.931826,6.033086,2.104134,1.609438,,1.098612
100,878,8.8,6.84,Enhancement,,,,,,,,,2004,4.60517,6.777647,2.174752,,,1.922788
70,436,6.2,1,Enhancement,Communications,Telecommunications,NetworkManagement,PC,3GL,Java,,,2000,4.248495,6.077642,1.824549,,,0
228,5876,25.8,9.1,Enhancement,,,TransactionProductionSystem,MF,3GL,COBOL,4.5,,1999,5.429346,8.678632,3.250374,1.504077,,2.208274
18,268,14.9,1.87,Enhancement,,,,,4GL,ORACLE,,,2004,2.890372,5.590987,2.701361,,,0.625938
2697,10957,4.1,6,Enhancement,Communications,Telecommunications,TransactionProductionSystem,MF,3GL,COBOL,27,27,2001,7.899895,9.301734,1.410987,3.295837,3.295837,1.791759
155,8385,54.1,,Enhancement,Ordering,,MIS,,3GL,C++,,,2002,5.043425,9.0342,3.990834,,,
310,5971,19.3,14.7,Enhancement,,,TransactionProductionSystem,MF,3GL,COBOL,4,,1999,5.736572,8.69467,2.960105,1.386294,,2.687847
200,1935,9.7,7,New_Development,Banking,Banking,TransactionProductionSystem,MF,3GL,COBOL,6,2.6,1994,5.298317,7.567863,2.272126,1.791759,0.955511,1.94591
474,1644,3.5,7,New_Development,,,,,3GL,C,5,2,1999,6.161207,7.404888,1.252763,1.609438,0.693147,1.94591
215,1946,9.1,8,Enhancement,Communications,Telecommunications,TransactionProductionSystem,,4GL,ORACLE,9,9,2000,5.370638,7.573531,2.208274,2.197225,2.197225,2.079442
124,2800,22.6,5,Enhancement,Insurance,,FinancialAccounting,PC,3GL,Java,,,2002,4.820282,7.937375,3.11795,,,1.609438
170,2192,12.9,,Enhancement,Banking,Banking,MIS,MF,3GL,COBOL,,,1996,5.135798,7.69257,2.557227,,,
539,2409,4.5,6,Enhancement,Insurance,,FinancialAccounting,MR,3GL,Java,5,,2002,6.289716,7.786967,1.504077,1.609438,,1.791759
455,10670,23.5,20,New_Development,,,,,4GL,SQL,6,,1995,6.120297,9.275191,3.157,1.791759,,2.995732
153,2611,17.1,,Enhancement,,,,,3GL,COBOL,,,2004,5.030438,7.867489,2.839078,,,
407,1472,3.6,1.9,Enhancement,Communications,,FinancialAccounting,MR,3GL,C,,,1999,6.008813,7.294377,1.280934,,,0.641854
61,353,5.8,1.81,Enhancement,,,,,4GL,ORACLE,,,2004,4.110874,5.866468,1.757858,,,0.593327
116,1400,12.1,5,Enhancement,,,,,4GL,SQL,2,,2000,4.75359,7.244228,2.493205,0.693147,,1.609438
95,4220,44.4,13,Enhancement,Communications,Telecommunications,,,3GL,C++,14,14,2000,4.553877,8.34759,3.793239,2.639057,2.639057,2.564949
36,734,20.4,2.73,Enhancement,,,,,4GL,ORACLE,,,2004,3.583519,6.598509,3.015535,,,1.004302
156,901,5.8,4,Enhancement,,,,,,,,,1998,5.049856,6.803505,1.757858,,,1.386294
299,8772,29.3,17,New_Development,Manufacturing,,,,,,8,,2002,5.700444,9.07932,3.377588,2.079442,,2.833213
299,1989,6.7,1.48,Enhancement,,,,,3GL,COBOL,,,2004,5.700444,7.595387,1.902108,,,0.392042
114,3583,31.4,15,Enhancement,Communications,Telecommunications,TransactionProductionSystem,,4GL,NATURAL,8,8,2000,4.736198,8.183956,3.446808,2.079442,2.079442,2.70805
99,340,3.4,2,New_Development,,,,,,,1,,1998,4.59512,5.828946,1.223775,0,,0.693147
142,3090,21.8,9,New_Development,Banking,Banking,TransactionProductionSystem,MF,3GL,COBOL,6,2.8,1994,4.955827,8.035926,3.08191,1.791759,1.029619,2.197225
99,1200,12.1,8,Enhancement,,,,,3GL,C,2,,1998,4.59512,7.090077,2.493205,0.693147,,2.079442
409,554,1.4,4,Enhancement,Communications,Telecommunications,,,,,2,2,1999,6.013715,6.317165,0.336472,0.693147,0.693147,1.386294
32,1543,48.2,6,Enhancement,Manufacturing,,,MF,3GL,PL/I,4,,2001,3.465736,7.341484,3.875359,1.386294,,1.791759
198,2151,10.9,8,Enhancement,Communications,Telecommunications,MIS,,4GL,SQL,5,5,2000,5.288267,7.673688,2.388763,1.609438,1.609438,2.079442
7,95,13.6,2.53,Enhancement,,,,,,,,,2004,1.94591,4.553877,2.61007,,,0.928219
424,6944,16.4,6.9,New_Development,Insurance,,MIS,PC,3GL,VB,,,2002,6.049733,8.845633,2.797281,,,1.931521
171,3920,22.9,6,Enhancement,,,,,,,6,,1999,5.141664,8.273847,3.131137,1.791759,,1.791759
135,1139,8.4,4,Enhancement,Communications,Telecommunications,TransactionProductionSystem,,4GL,NATURAL,6,6,1999,4.905275,7.037906,2.128232,1.791759,1.791759,1.386294
198,1085,5.5,4,New_Development,,,,,3GL,VB,3,,1998,5.288267,6.989335,1.704748,1.098612,,1.386294
352,1500,4.3,8,Enhancement,,,,,,,15,2.8,1999,5.863631,7.31322,1.458615,2.70805,1.029619,2.079442
465,1070,2.3,6,Enhancement,Communications,Telecommunications,MIS,,4GL,NATURAL,1,1,1999,6.142037,6.975414,0.832909,0,0,1.791759
238,1650,6.9,,Enhancement,FinPropAndBusiServ,,FinancialAccounting,MF,3GL,COBOL,,,2002,5.472271,7.408531,1.931521,,,
220,1104,5,1,Enhancement,,,,,,,6,,1997,5.393628,7.006695,1.609438,1.791759,,0
11,200,18.2,8.81,Enhancement,,,,,,,,,2004,2.397895,5.298317,2.901422,,,2.175887
201,1520,7.6,5,Enhancement,Communications,Telecommunications,MIS,,4GL,ORACLE,5,5,1999,5.303305,7.326466,2.028148,1.609438,1.609438,1.609438
107,975,9.1,3,Enhancement,Insurance,,FinancialAccounting,Multi,4GL,VB,,,2002,4.672829,6.882437,2.208274,,,1.098612
146,2604,17.8,8.3,New_Development,,,TransactionProductionSystem,MF,3GL,COBOL,2,,1999,4.983607,7.864804,2.879198,0.693147,,2.116256
11,145,13.2,0.1,Enhancement,Banking,,FinancialAccounting,MF,3GL,PL/I,,,2000,2.397895,4.976734,2.580217,,,-2.302585
30,822,27.4,4,Enhancement,Banking,,FinancialAccounting,MF,3GL,PL/I,,,2001,3.401197,6.71174,3.310543,,,1.386294
111,1982,17.9,8,Enhancement,Communications,Telecommunications,,,,,7,7,1999,4.70953,7.591862,2.884801,1.94591,1.94591,2.079442
80,2506,31.3,2.83,Enhancement,,,,,4GL,ORACLE,,,2004,4.382027,7.826443,3.443618,,,1.040277
116,1512,13,3.8,Enhancement,Manufacturing,,MIS,Multi,3GL,C,,,2000,4.75359,7.321189,2.564949,,,1.335001
57,804,14.1,8,Enhancement,Communications,Telecommunications,TransactionProductionSystem,,4GL,SQL,3,3,1999,4.043051,6.689599,2.646175,1.098612,1.098612,2.079442
357,4350,12.2,,Enhancement,,,,,3GL,Java,,,2004,5.877736,8.377931,2.501436,,,
258,1381,5.4,3,New_Development,,,,,,,3,,1999,5.55296,7.230563,1.686399,1.098612,,1.098612
1233,20041,16.3,9,Enhancement,,,,,,,32,,1998,7.117206,9.905535,2.791165,3.465736,,2.197225
322,973,3,3,Enhancement,Communications,Telecommunications,MIS,MR,4GL,ORACLE,5,5,2000,5.774552,6.880384,1.098612,1.609438,1.609438,1.098612
14,179,12.8,0.9,Enhancement,FinPropAndBusiServ,,FinancialAccounting,MF,3GL,PL/I,,,2002,2.639057,5.187386,2.549445,,,-0.105361
173,2890,16.7,3,Enhancement,Communications,Telecommunications,TransactionProductionSystem,MR,4GL,SQL,10,10,2001,5.153292,7.969012,2.815409,2.302585,2.302585,1.098612
204,246,1.2,5,Enhancement,Communications,Telecommunications,MIS,PC,4GL,ORACLE,,,2000,5.31812,5.505332,0.182322,,,1.609438
426,2110,5,2.2,New_Development,FinPropAndBusiServ,,FinancialAccounting,MR,4GL,SQL,,,2002,6.054439,7.654443,1.609438,,,0.788457
295,4754,16.1,15,Enhancement,Communications,Telecommunications,,,,,8,8,1999,5.686975,8.466742,2.778819,2.079442,2.079442,2.70805
103,673,6.5,,Enhancement,FinPropAndBusiServ,,FinancialAccounting,MF,4GL,ORACLE,,,2002,4.634729,6.511745,1.871802,,,
556,3793,6.8,7,Enhancement,Communications,Telecommunications,TransactionProductionSystem,MR,3GL,C++,10,10,2000,6.320768,8.240913,1.916923,2.302585,2.302585,1.94591
51,1636,32.1,2,Enhancement,Communications,Telecommunications,,,4GL,SQL,9,9,2001,3.931826,7.40001,3.468856,2.197225,2.197225,0.693147
583,476,0.8,4,Enhancement,,,,,,,4,,1998,6.368187,6.165418,-0.223144,1.386294,,1.386294
578,2022,3.5,6,Enhancement,Banking,,FinancialAccounting,MF,3GL,PL/I,,,2001,6.359574,7.611842,1.252763,,,1.791759
14,2527,180.5,,Enhancement,,,,,3GL,COBOL,,,2004,2.639057,7.834788,5.195731,,,
292,6680,22.9,20,New_Development,,,,,4GL,SQL,4,,1995,5.676754,8.806873,3.131137,1.386294,,2.995732
142,7527,53,6,Enhancement,Insurance,,FinancialAccounting,MF,3GL,COBOL,,,2002,4.955827,8.926252,3.970292,,,1.791759
1307,6600,5,5,Enhancement,Banking,,FinancialAccounting,MR,3GL,C++,,,2001,7.17549,8.794825,1.609438,,,1.609438
354,5863,16.6,6,New_Development,,,,,3GL,VB,10,,1998,5.869297,8.676417,2.809403,2.302585,,1.791759
500,4054,8.1,13,Enhancement,Communications,Telecommunications,TransactionProductionSystem,PC,4GL,VB,,,2000,6.214608,8.307459,2.091864,,,2.564949
1444,6129,4.2,11,New_Development,Manufacturing,,FinancialAccounting,Multi,4GL,ORACLE,,,2000,7.275172,8.720787,1.435085,,,2.397895
641,508,0.8,3,Enhancement,,,,,,,2,1.3,1998,6.463029,6.230481,-0.223144,0.693147,0.262364,1.098612
393,6660,16.9,10,Enhancement,,,,,,,12,,1999,5.97381,8.803875,2.827314,2.484907,,2.302585
7,1818,259.7,,Enhancement,,,,,3GL,Java,,,2004,1.94591,7.505492,5.559527,,,
445,8499,19.1,8,New_Development,Banking,Banking,TransactionProductionSystem,MF,3GL,COBOL,8,3.4,1995,6.098074,9.047704,2.949688,2.079442,1.223775,2.079442
221,624,2.8,3,Enhancement,,,,,,,3,,1998,5.398163,6.43615,1.029619,1.098612,,1.098612
981,25837,26.3,6,Enhancement,Insurance,,FinancialAccounting,Multi,3GL,VB,,,2001,6.888572,10.159563,3.269569,,,1.791759
1606,17230,10.7,7,Enhancement,,,,,,,32,,1999,7.381502,9.754407,2.370244,3.465736,,1.94591
25,97,3.9,0.5,New_Development,,,,,3GL,C,1,,2000,3.218876,4.574711,1.360977,0,,-0.693147
118,9021,76.4,21,New_Development,,,,,3GL,C,6,3.5,1999,4.770685,9.10731,4.335983,1.791759,1.252763,3.044522
295,1775,6,,Enhancement,FinPropAndBusiServ,,FinancialAccounting,MF,3GL,COBOL,,,2002,5.686975,7.481556,1.791759,,,
65,618,9.5,,Enhancement,FinPropAndBusiServ,,FinancialAccounting,MF,,,,,2002,4.174387,6.426488,2.251292,,,
51,727,14.3,,Enhancement,,,,,3GL,Java,,,2004,3.931826,6.588926,2.66026,,,
158,476,3,2,Enhancement,Communications,Telecommunications,MIS,PC,4GL,ORACLE,,,2000,5.062595,6.165418,1.098612,,,0.693147
80,4281,53.5,,Enhancement,Voice_Provisioning,,VoiceProvisioning,MF,3GL,C++,,,2002,4.382027,8.361942,3.979682,,,
1433,3838,2.7,5,New_Development,,,,,,,13,6.7,1999,7.267525,8.252707,0.993252,2.564949,1.902108,1.609438
79,1585,20.1,3.12,Enhancement,,,,,4GL,ORACLE,,,2004,4.369448,7.36834,3.00072,,,1.137833
38,570,15,4.57,Enhancement,,,,,3GL,C,,,2004,3.637586,6.345636,2.70805,,,1.519513
54,129,2.4,2.17,Enhancement,,,,,,,,,2004,3.988984,4.859812,0.875469,,,0.774727
170,1148,6.8,5,New_Development,,,,,3GL,C,3,,1998,5.135798,7.045777,1.916923,1.098612,,1.609438
355,10205,28.7,10,Enhancement,Communications,Telecommunications,MIS,MR,4GL,ORACLE,20,20,2000,5.872118,9.230633,3.356897,2.995732,2.995732,2.302585
227,2700,11.9,6,Enhancement,Insurance,,FinancialAccounting,MF,3GL,COBOL,,,2002,5.42495,7.901007,2.476538,,,1.791759
3354,31632,9.4,13,New_Development,,,,,3GL,C,16,,1998,8.117909,10.361925,2.24071,2.772589,,2.564949
338,10003,29.6,8,Enhancement,,,,,,,10,,1998,5.823046,9.21064,3.387774,2.302585,,2.079442
194,1953,10.1,5,New_Development,,,,,,,4,,1997,5.267858,7.577122,2.312535,1.386294,,1.609438
51,966,18.9,3,Enhancement,Insurance,,FinancialAccounting,MF,3GL,COBOL,,,2002,3.931826,6.873164,2.939162,,,1.098612
59,937,15.9,3,Enhancement,Communications,Telecommunications,TransactionProductionSystem,MR,3GL,C,6,6,2000,4.077537,6.842683,2.766319,1.791759,1.791759,1.098612
88,5242,59.6,,Enhancement,Voice_Provisioning,,VoiceProvisioning,,3GL,C++,,,2002,4.477337,8.564458,4.087656,,,
1824,3210,1.8,9,Enhancement,,,,,,,5,,1997,7.508787,8.074026,0.587787,1.609438,,2.197225
103,1920,18.6,,Enhancement,FinPropAndBusiServ,,FinancialAccounting,MF,4GL,ORACLE,,,2002,4.634729,7.56008,2.923162,,,
130,1122,8.6,,Enhancement,FinPropAndBusiServ,,FinancialAccounting,,,,,,2002,4.867534,7.022868,2.151762,,,
394,2756,7,4.01,Enhancement,,,,,,,,,2004,5.976351,7.921536,1.94591,,,1.388791
321,2312,7.2,,New_Development,,,,,4GL,VB,,,2003,5.771441,7.745868,1.974081,,,
2929,7980,2.7,15,New_Development,,,,,,,12,,1998,7.982416,8.984694,0.993252,2.484907,,2.70805
89,983,11,,Enhancement,FinPropAndBusiServ,,FinancialAccounting,MF,3GL,C,,,2002,4.488636,6.890609,2.397895,,,
39,823,21.1,2,Enhancement,,,,,,,3,,1998,3.663562,6.712956,3.049273,1.098612,,0.693147
9,2947,327.4,7,Enhancement,,,,,3GL,COBOL,,,1999,2.197225,7.988543,5.791183,,,1.94591
270,1120,4.1,5,Enhancement,,,,,,,5,,1998,5.598422,7.021084,1.410987,1.609438,,1.609438
63,865,13.7,5.26,Enhancement,,,,,4GL,ORACLE,,,2004,4.143135,6.76273,2.617396,,,1.660131
670,20960,31.3,17.2,Enhancement,,,TransactionProductionSystem,MF,3GL,COBOL,20,,2000,6.507278,9.950371,3.443618,2.995732,,2.844909
175,1115,6.4,8,New_Development,,,,,,,4,1.7,1998,5.164786,7.01661,1.856298,1.386294,0.530628,2.079442
343,8374,24.4,,Enhancement,,,,,3GL,Java,,,2004,5.83773,9.032887,3.194583,,,
38,944,24.8,,Enhancement,,,,,3GL,COBOL,,,2004,3.637586,6.850126,3.210844,,,
146,2458,16.8,4,Enhancement,Communications,Telecommunications,MIS,MR,3GL,Java,6,6,2000,4.983607,7.807103,2.821379,1.791759,1.791759,1.386294
26,184,7.1,1,Enhancement,,,,,,,2,,1997,3.258097,5.214936,1.960095,0.693147,,0
75,4430,59.1,8,Enhancement,Communications,Telecommunications,TransactionProductionSystem,,4GL,VB,16,16,1999,4.317488,8.396155,4.079231,2.772589,2.772589,2.079442
335,671,2,3,Enhancement,,,,,3GL,C,2,,1998,5.814131,6.508769,0.693147,0.693147,,1.098612
153,2807,18.3,9.8,Enhancement,,,TransactionProductionSystem,MF,3GL,COBOL,1.65,,2000,5.030438,7.939872,2.906901,0.500775,,2.282382
102,2258,22.1,3,Enhancement,Insurance,,FinancialAccounting,MF,3GL,COBOL,,,2002,4.624973,7.722235,3.095578,,,1.098612
81,668,8.2,2.89,Enhancement,,,,,4GL,ORACLE,,,2004,4.394449,6.504288,2.104134,,,1.061257
127,687,5.4,2,Enhancement,Communications,Telecommunications,,,3GL,C,1,1,2000,4.844187,6.532334,1.686399,0,0,0.693147
78,1084,13.9,4,Enhancement,Banking,Banking,MIS,MF,3GL,COBOL,,,1996,4.356709,6.988413,2.631889,,,1.386294
129,1206,9.3,3.35,Enhancement,,,,,4GL,ORACLE,,,2004,4.859812,7.095064,2.230014,,,1.20896
14,214,15.3,0.99,Enhancement,,,,,,,,,2004,2.639057,5.365976,2.727853,,,-0.01005
266,699,2.6,4,Enhancement,,,,,,,1,,1998,5.583496,6.549651,0.955511,0,,1.386294
175,636,3.6,6,Enhancement,,,,,,,2,,1998,5.164786,6.455199,1.280934,0.693147,,1.791759
80,514,6.4,,Enhancement,FinPropAndBusiServ,,FinancialAccounting,MF,,,,,2002,4.382027,6.242223,1.856298,,,
134,286,2.1,8,New_Development,Communications,Telecommunications,TransactionProductionSystem,,4GL,VB,1,1,1999,4.89784,5.655992,0.741937,0,0,2.079442
69,304,4.4,5,Enhancement,Communications,Telecommunications,TransactionProductionSystem,,3GL,COBOL,2,2,1999,4.234107,5.717028,1.481605,0.693147,0.693147,1.609438
81,129,1.6,7,Enhancement,Communications,Telecommunications,TransactionProductionSystem,,3GL,COBOL,2,2,1999,4.394449,4.859812,0.470004,0.693147,0.693147,1.94591
38,1206,31.7,4.2,Enhancement,,,TransactionProductionSystem,MF,3GL,COBOL,2,,2000,3.637586,7.095064,3.456317,0.693147,,1.435085
459,2705,5.9,5,Enhancement,,,,,3GL,C,5,,1998,6.12905,7.902857,1.774952,1.609438,,1.609438
99,1099,11.1,,New_Development,FinPropAndBusiServ,Banking,,MF,3GL,COBOL,,,1991,4.59512,7.002156,2.406945,,,
495,1486,3,6,New_Development,,,,,,,4,,1999,6.204558,7.303843,1.098612,1.386294,,1.791759
120,3080,25.7,3,Enhancement,Insurance,,FinancialAccounting,MF,3GL,VB,,,2002,4.787492,8.032685,3.246491,,,1.098612
192,4386,22.8,3,New_Development,Banking,,FinancialAccounting,MF,3GL,PL/I,,,2000,5.257495,8.386173,3.126761,,,1.098612
9,27,3,0.33,Enhancement,,,,,,,,,2004,2.197225,3.295837,1.098612,,,-1.108663
539,5975,11.1,4.7,New_Development,Insurance,,MIS,Multi,3GL,VB,,,2002,6.289716,8.695339,2.406945,,,1.547563
301,4581,15.2,4,Enhancement,Communications,Telecommunications,,,,,13,13,1999,5.70711,8.429673,2.721295,2.564949,2.564949,1.386294
118,3190,27,8,New_Development,,,,,3GL,C,6,,1998,4.770685,8.067776,3.295837,1.791759,,2.079442
24,480,20,2.6,Enhancement,Banking,,FinancialAccounting,MF,3GL,PL/I,,,2000,3.178054,6.173786,2.995732,,,0.955511
28,21,0.8,3,Enhancement,Banking,,FinancialAccounting,MF,3GL,PL/I,,,2001,3.332205,3.044522,-0.223144,,,1.098612
89,1477,16.6,2.96,Enhancement,,,,,,,,,2004,4.488636,7.297768,2.809403,,,1.085189
57,1179,20.7,,Enhancement,Banking,Banking,MIS,MF,3GL,COBOL,,,1995,4.043051,7.072422,3.030134,,,
1753,7368,4.2,3,Enhancement,Insurance,,FinancialAccounting,PC,3GL,Java,18,,2002,7.469084,8.904902,1.435085,2.890372,,1.098612
313,2963,9.5,5,Enhancement,Communications,Telecommunications,NetworkManagement,MR,4GL,ORACLE,6,6,1999,5.746203,7.993958,2.251292,1.791759,1.791759,1.609438
191,818,4.3,,Enhancement,FinPropAndBusiServ,,FinancialAccounting,,,,,,2002,5.252273,6.706862,1.458615,,,
98,1308,13.3,,Enhancement,FinPropAndBusiServ,,FinancialAccounting,MF,4GL,ORACLE,,,2002,4.584967,7.176255,2.587764,,,
35,241,6.9,5.33,Enhancement,,,,,4GL,ORACLE,,,2004,3.555348,5.484797,1.931521,,,1.673351
695,9928,14.3,11,Enhancement,,,,,,,6,,1999,6.543912,9.203114,2.66026,1.791759,,2.397895
71,164,2.3,1,New_Development,Communications,Telecommunications,TransactionProductionSystem,PC,4GL,VB,,,2000,4.26268,5.099866,0.832909,,,0
190,2199,11.6,,Enhancement,FinPropAndBusiServ,,FinancialAccounting,MF,3GL,C,,,2002,5.247024,7.695758,2.451005,,,
149,5495,36.9,12,Enhancement,Communications,Telecommunications,,,,,11,11,1999,5.003946,8.611594,3.608212,2.397895,2.397895,2.484907
169,580,3.4,6,New_Development,Communications,Telecommunications,,,4GL,VB,2,2,2000,5.129899,6.363028,1.223775,0.693147,0.693147,1.791759
1338,3189,2.4,8,Enhancement,Communications,Telecommunications,MIS,,4GL,ORACLE,10,10,1999,7.198931,8.067463,0.875469,2.302585,2.302585,2.079442
46,640,13.9,2.4,Enhancement,Banking,,FinancialAccounting,MF,3GL,PL/I,,,2001,3.828641,6.461468,2.631889,,,0.875469
89,2601,29.2,9,Enhancement,Communications,Telecommunications,,,,,7,7,2000,4.488636,7.863651,3.374169,1.94591,1.94591,2.197225
192,1245,6.5,0.99,Enhancement,,,,,,,,,2004,5.257495,7.126891,1.871802,,,-0.01005
207,798,3.9,3,Enhancement,Insurance,,FinancialAccounting,Multi,4GL,VB,2,,2002,5.332719,6.682109,1.360977,0.693147,,1.098612
18,145,8.1,0.9,Enhancement,Banking,,FinancialAccounting,MF,3GL,PL/I,,,2001,2.890372,4.976734,2.091864,,,-0.105361
188,1136,6,8,Enhancement,Communications,Telecommunications,TransactionProductionSystem,,4GL,NATURAL,5,5,1999,5.236442,7.035269,1.791759,1.609438,1.609438,2.079442
468,10498,22.4,10,Enhancement,Communications,Telecommunications,NetworkManagement,,3GL,C,28,28,1999,6.148468,9.25894,3.109061,3.332205,3.332205,2.302585
224,2444,10.9,6,New_Development,,,,,3GL,VB,,,1998,5.411646,7.801391,2.388763,,,1.791759
77,252,3.3,,Enhancement,FinPropAndBusiServ,,FinancialAccounting,MF,3GL,COBOL,,,2002,4.343805,5.529429,1.193922,,,
88,805,9.1,6,Enhancement,Insurance,,FinancialAccounting,MF,3GL,COBOL,,,2002,4.477337,6.690842,2.208274,,,1.791759
1236,2504,2,16.9,New_Development,Insurance,,FinancialAccounting,PC,4GL,VB,,,2002,7.119636,7.825645,0.693147,,,2.827314
644,6936,10.8,6,Enhancement,Communications,Telecommunications,TransactionProductionSystem,MR,4GL,SQL,16,16,2000,6.467699,8.844481,2.379546,2.772589,2.772589,1.791759
676,4731,7,9,New_Development,,,,,,,8,,1997,6.516193,8.461892,1.94591,2.079442,,2.197225
9,240,26.7,1.48,Enhancement,,,,,,,,,2004,2.197225,5.480639,3.284664,,,0.392042
39,564,14.5,1.38,Enhancement,,,,,,,,,2004,3.663562,6.335054,2.674149,,,0.322083
3,28,9.3,2.73,Enhancement,,,,,,,,,2004,1.098612,3.332205,2.230014,,,1.004302
551,16380,29.7,10,New_Development,,,,,3GL,C,17,,1998,6.311735,9.703816,3.391147,2.833213,,2.302585
38,429,11.3,3.9,Enhancement,Banking,,FinancialAccounting,MF,3GL,PL/I,,,1999,3.637586,6.061457,2.424803,,,1.360977
75,2130,28.4,4.3,Enhancement,,,TransactionProductionSystem,MF,3GL,COBOL,2.1,,2000,4.317488,7.663877,3.346389,0.741937,,1.458615
1494,20396,13.7,20,Enhancement,Communications,Telecommunications,,,4GL,SQL,27,27,1999,7.309212,9.923094,2.617396,3.295837,3.295837,2.995732
454,327,0.7,,New_Development,,,,,,,,,2002,6.118097,5.78996,-0.356675,,,
76,37,0.5,1.38,Enhancement,,,,,,,,,2004,4.330733,3.610918,-0.693147,,,0.322083
413,2982,7.2,3,Enhancement,Insurance,,FinancialAccounting,MF,3GL,Java,,,2000,6.023448,8.000349,1.974081,,,1.098612
101,398,3.9,,Enhancement,FinPropAndBusiServ,,FinancialAccounting,MF,4GL,ORACLE,,,2001,4.615121,5.986452,1.360977,,,
72,417,5.8,4,New_Development,Communications,Telecommunications,MIS,MR,4GL,ORACLE,2,2,1999,4.276666,6.033086,1.757858,0.693147,0.693147,1.386294
508,2377,4.7,14,Enhancement,,,,,,,6,2.8,1999,6.230481,7.773594,1.547563,1.791759,1.029619,2.639057
123,337,2.7,3,New_Development,,,,,,,3,,1997,4.812184,5.820083,0.993252,1.098612,,1.098612
227,5532,24.4,4,New_Development,Communications,Telecommunications,TransactionProductionSystem,PC,4GL,VB,18,18,2000,5.42495,8.618305,3.194583,2.890372,2.890372,1.386294
59,296,5,2,Enhancement,Communications,Telecommunications,NetworkManagement,MR,3GL,C++,,,2000,4.077537,5.690359,1.609438,,,0.693147
58,1668,28.8,6,Enhancement,Communications,Telecommunications,,,,,7,7,2000,4.060443,7.419381,3.360375,1.94591,1.94591,1.791759
134,3899,29.1,4,Enhancement,Communications,Telecommunications,TransactionProductionSystem,,4GL,ORACLE,12,12,2000,4.89784,8.268475,3.370738,2.484907,2.484907,1.386294
1827,2258,1.2,3,Enhancement,Insurance,,FinancialAccounting,MR,3GL,C,,,2000,7.510431,7.722235,0.182322,,,1.098612
84,1034,12.3,,Enhancement,Voice_Provisioning,,VoiceProvisioning,MF,3GL,C,,,2002,4.430817,6.94119,2.509599,,,
426,2622,6.2,6,New_Development,,,,,,,4,,1998,6.054439,7.871693,1.824549,1.386294,,1.791759
5,34,6.8,0.3,Enhancement,,,,,,,,,2004,1.609438,3.526361,1.916923,,,-1.203973
262,4253,16.2,10,Enhancement,Insurance,,MIS,MF,3GL,COBOL,,,2002,5.568345,8.35538,2.785011,,,2.302585
43,128,3,,Enhancement,FinPropAndBusiServ,,FinancialAccounting,MF,4GL,ORACLE,,,2002,3.7612,4.85203,1.098612,,,
915,1392,1.5,4,Enhancement,,,,,,,4,,1997,6.818924,7.238497,0.405465,1.386294,,1.386294
113,196,1.7,2,Enhancement,,,,,,,3,,1998,4.727388,5.278115,0.530628,1.098612,,0.693147
149,518,3.5,5,New_Development,,,,,,,3,,1999,5.003946,6.249975,1.252763,1.098612,,1.609438
601,10866,18.1,16,New_Development,,,,,,,,,1996,6.398595,9.293394,2.895912,,,2.772589
826,6418,7.8,9,Enhancement,,,TransactionProductionSystem,MF,3GL,COBOL,7,,2002,6.716595,8.766862,2.054124,1.94591,,2.197225
89,2823,31.7,,Enhancement,FinPropAndBusiServ,,FinancialAccounting,MF,4GL,ORACLE,,,2002,4.488636,7.945555,3.456317,,,
219,5317,24.3,,Enhancement,,,,,3GL,Java,,,2004,5.389072,8.578665,3.190476,,,
59,1008,17.1,1.91,Enhancement,,,,,3GL,COBOL,,,2004,4.077537,6.915723,2.839078,,,0.647103
153,1840,12,5.85,New_Development,,,,,,,,,2004,5.030438,7.517521,2.484907,,,1.766442
187,343,1.8,2,Enhancement,,,,,,,2,,1998,5.231109,5.83773,0.587787,0.693147,,0.693147
14,160,11.4,4.54,Enhancement,,,,,,,,,2004,2.639057,5.075174,2.433613,,,1.512927
216,3613,16.7,4,Enhancement,Communications,Telecommunications,TransactionProductionSystem,,4GL,SQL,14,14,2001,5.375278,8.192294,2.815409,2.639057,2.639057,1.386294
747,6767,9.1,5.5,New_Development,FinPropAndBusiServ,,FinancialAccounting,Multi,3GL,VB,,,2002,6.616065,8.819813,2.208274,,,1.704748
693,12510,18.1,20,New_Development,,,,,4GL,SQL,9,,1995,6.54103,9.434284,2.895912,2.197225,,2.995732
151,1586,10.5,8,Enhancement,Communications,Telecommunications,TransactionProductionSystem,MR,,,5,5,2000,5.01728,7.36897,2.351375,1.609438,1.609438,2.079442
57,1505,26.4,3,New_Development,Insurance,,FinancialAccounting,MF,3GL,VB,,,2002,4.043051,7.316548,3.273364,,,1.098612
1265,10770,8.5,9,New_Development,Manufacturing,,MIS,Multi,4GL,VB,,,2001,7.142827,9.28452,2.140066,,,2.197225
57,26,0.5,2,Enhancement,Communications,Telecommunications,TransactionProductionSystem,MR,4GL,SQL,2,2,2000,4.043051,3.258097,-0.693147,0.693147,0.693147,0.693147
56,568,10.1,1.9,Enhancement,Banking,,FinancialAccounting,MF,3GL,PL/I,,,2001,4.025352,6.342121,2.312535,,,0.641854
53,540,10.2,2,Enhancement,Communications,Telecommunications,TransactionProductionSystem,MF,4GL,NATURAL,,,2000,3.970292,6.291569,2.322388,,,0.693147
291,1827,6.3,7,New_Development,,,,,,,9,,1998,5.673323,7.510431,1.84055,2.197225,,1.94591
510,1624,3.2,,Enhancement,,,,,,,8,,2002,6.234411,7.392648,1.163151,2.079442,,
257,906,3.5,3,New_Development,Communications,Telecommunications,TransactionProductionSystem,PC,4GL,VB,2,2,2000,5.549076,6.809039,1.252763,0.693147,0.693147,1.098612
222,2007,9,8,Enhancement,Communications,Telecommunications,TransactionProductionSystem,MR,4GL,ORACLE,6,6,2000,5.402677,7.604396,2.197225,1.791759,1.791759,2.079442
4911,71118,14.5,19,New_Development,Communications,Telecommunications,,MR,,,,,2001,8.499233,11.172096,2.674149,,,2.944439
30,1037,34.6,,Enhancement,Banking,,FinancialAccounting,MF,3GL,PL/I,,,,3.401197,6.944087,3.543854,,,
52,361,6.9,,Enhancement,Ordering,,MIS,,3GL,C,,,2002,3.951244,5.888878,1.931521,,,
2221,25482,11.5,24,New_Development,Communications,Telecommunications,TransactionProductionSystem,MR,4GL,SQL,17,17,2000,7.705713,10.145728,2.442347,2.833213,2.833213,3.178054
7,45,6.4,6.51,Enhancement,,,,,4GL,ORACLE,,,2004,1.94591,3.806662,1.856298,,,1.873339
178,2865,16.1,7,Enhancement,,,,,,,5,3.7,2000,5.181784,7.960324,2.778819,1.609438,1.308333,1.94591
10,3871,387.1,13,Enhancement,Banking,,FinancialAccounting,MF,3GL,PL/I,,,2001,2.302585,8.261268,5.958683,,,2.564949
96,494,5.1,2,Enhancement,Communications,Telecommunications,TransactionProductionSystem,PC,3GL,COBOL,2,2,2000,4.564348,6.202536,1.629241,0.693147,0.693147,0.693147
6,734,122.3,5.26,Enhancement,,,,,4GL,ORACLE,,,2004,1.791759,6.598509,4.806477,,,1.660131
43,286,6.7,3.42,Enhancement,,,,,,,,,2004,3.7612,5.655992,1.902108,,,1.229641
1163,9786,8.4,10,Enhancement,,,,,3GL,C,10,,2000,7.058758,9.188708,2.128232,2.302585,,2.302585
177,1946,11,6,New_Development,Manufacturing,,,PC,3GL,Java,7,,2001,5.17615,7.573531,2.397895,1.94591,,1.791759
24,708,29.5,3,Enhancement,,,,,,,4,,1999,3.178054,6.562444,3.38439,1.386294,,1.098612
490,4672,9.5,5,New_Development,,,,,,,,,2002,6.194405,8.449343,2.251292,,,1.609438
270,1451,5.4,10,Enhancement,Communications,Telecommunications,NetworkManagement,,4GL,NATURAL,3,3,1999,5.598422,7.280008,1.686399,1.098612,1.098612,2.302585
222,310,1.4,2,Enhancement,Communications,Telecommunications,TransactionProductionSystem,,3GL,COBOL,3,3,1999,5.402677,5.736572,0.336472,1.098612,1.098612,0.693147
103,2946,28.6,2,Enhancement,Communications,Telecommunications,TransactionProductionSystem,MR,4GL,SQL,,,2000,4.634729,7.988204,3.353407,,,0.693147
2777,21625,7.8,24,New_Development,FinPropAndBusiServ,Banking,,MF,3GL,COBOL,8,,1991,7.929126,9.981605,2.054124,2.079442,,3.178054
187,654,3.5,2.89,Enhancement,,,,,3GL,COBOL,,,2004,5.231109,6.483107,1.252763,,,1.061257
228,1465,6.4,3,Enhancement,Insurance,,FinancialAccounting,Multi,4GL,VB,4,,2002,5.429346,7.289611,1.856298,1.386294,,1.098612
339,8650,25.5,6,Enhancement,Manufacturing,,,MF,3GL,PL/I,43,,2001,5.826,9.065315,3.238678,3.7612,,1.791759
242,7710,31.9,3,New_Development,Insurance,,FinancialAccounting,MF,3GL,COBOL,,,2000,5.488938,8.950273,3.462606,,,1.098612
133,8480,63.8,,Enhancement,Voice_Provisioning,,VoiceProvisioning,,3GL,C++,,,2002,4.890349,9.045466,4.155753,,,
82,606,7.4,,New_Development,FinPropAndBusiServ,Banking,,MF,3GL,COBOL,,,1991,4.406719,6.40688,2.00148,,,
3,23,7.7,3.42,Enhancement,,,,,3GL,C,,,2004,1.098612,3.135494,2.04122,,,1.229641
366,7359,20.1,,Enhancement,,,,,3GL,Java,,,2004,5.902633,8.903679,3.00072,,,
403,7500,18.6,24,New_Development,,,,,,,8,,1998,5.998937,8.922658,2.923162,2.079442,,3.178054
49,966,19.7,4,Enhancement,Communications,Telecommunications,,,,,2,2,1999,3.89182,6.873164,2.980619,0.693147,0.693147,1.386294
138,1499,10.9,2,Enhancement,Communications,Telecommunications,MIS,,4GL,ORACLE,5,5,1999,4.927254,7.312553,2.388763,1.609438,1.609438,0.693147
632,7252,11.5,,New_Development,,,,,3GL,C++,,,2003,6.448889,8.889033,2.442347,,,
201,562,2.8,6,New_Development,Communications,Telecommunications,TransactionProductionSystem,PC,4GL,VB,1,1,1999,5.303305,6.331502,1.029619,0,0,1.791759
338,973,2.9,5,Enhancement,,,,,,,1,,1998,5.823046,6.880384,1.064711,0,,1.609438
83,1145,13.8,,Enhancement,FinPropAndBusiServ,,FinancialAccounting,MF,3GL,C,,,2002,4.418841,7.04316,2.624669,,,
115,2802,24.4,3,Enhancement,Communications,Telecommunications,TransactionProductionSystem,MR,4GL,ORACLE,9,9,2000,4.744932,7.938089,3.194583,2.197225,2.197225,1.098612
763,4272,5.6,5,Enhancement,Communications,Telecommunications,TransactionProductionSystem,,3GL,COBOL,8,8,1999,6.637258,8.359837,1.722767,2.079442,2.079442,1.609438
322,835,2.6,2,Enhancement,,,,,,,6,3,1997,5.774552,6.727432,0.955511,1.791759,1.098612,0.693147
1278,28441,22.3,,Enhancement,Ordering,,MIS,MF,3GL,C,,,2002,7.153052,10.255587,3.104587,,,
203,5754,28.3,3,Enhancement,Insurance,,FinancialAccounting,MF,3GL,Java,14,,2002,5.313206,8.657651,3.342862,2.639057,,1.098612
246,960,3.9,4,New_Development,,,,,,,3,,1998,5.505332,6.866933,1.360977,1.098612,,1.386294
116,2180,18.8,5,New_Development,Banking,Banking,TransactionProductionSystem,MF,3GL,COBOL,5,3,1994,4.75359,7.68708,2.933857,1.609438,1.098612,1.609438
145,1594,11,,Enhancement,FinPropAndBusiServ,,FinancialAccounting,,,,,,2002,4.976734,7.374002,2.397895,,,
2000,29600,14.8,15,New_Development,,,,,,,,,2002,7.600902,10.29553,2.694627,,,2.70805
73,1404,19.2,8,Enhancement,Banking,Banking,MIS,MF,3GL,COBOL,,,1995,4.290459,7.247081,2.95491,,,2.079442
43,3890,90.5,,Enhancement,,,,,3GL,Java,,,2004,3.7612,8.266164,4.50535,,,
144,426,3,3,Enhancement,,,,,3GL,C++,4,,1998,4.969813,6.054439,1.098612,1.386294,,1.098612
1122,1208,1.1,,New_Development,,,,,,,,,2002,7.022868,7.096721,0.09531,,,
49,500,10.2,2,Enhancement,Communications,,TransactionProductionSystem,MF,4GL,ORACLE,,,2000,3.89182,6.214608,2.322388,,,0.693147
126,1237,9.8,3,Enhancement,,,,,,,5,4,1998,4.836282,7.120444,2.282382,1.609438,1.386294,1.098612
199,5682,28.6,,Enhancement,Ordering,,MIS,,3GL,C,,,2002,5.293305,8.645059,3.353407,,,
79,2356,29.8,,Enhancement,,,,,3GL,Java,,,2004,4.369448,7.764721,3.394508,,,
88,1092,12.4,3.09,Enhancement,,,,,3GL,C,,,2004,4.477337,6.995766,2.517696,,,1.128171
19,155,8.2,1.9,Enhancement,Banking,,FinancialAccounting,MR,3GL,C,,,2002,2.944439,5.043425,2.104134,,,0.641854
262,7258,27.7,,Enhancement,,,,,3GL,Java,,,2004,5.568345,8.88986,3.321432,,,
426,1680,3.9,6,New_Development,,,,,,,2,,1999,6.054439,7.426549,1.360977,0.693147,,1.791759
383,5322,13.9,5,New_Development,,,,,,,,,1997,5.948035,8.579604,2.631889,,,1.609438
87,387,4.4,2,Enhancement,Communications,,TransactionProductionSystem,MF,4GL,ORACLE,,,2000,4.465908,5.958425,1.481605,,,0.693147
320,12180,38.1,20,New_Development,,,,,4GL,SQL,4,,1995,5.768321,9.407551,3.640214,1.386294,,2.995732
116,2630,22.7,15,Enhancement,,,,,,,10,,1999,4.75359,7.874739,3.122365,2.302585,,2.70805
97,530,5.5,4,Enhancement,FinPropAndBusiServ,Banking,,MF,3GL,COBOL,1,,1993,4.574711,6.272877,1.704748,0,,1.386294
98,2876,29.3,4,New_Development,Communications,Telecommunications,TransactionProductionSystem,,4GL,VB,12,12,1999,4.584967,7.964156,3.377588,2.484907,2.484907,1.386294
65,997,15.3,4,Enhancement,Communications,Telecommunications,TransactionProductionSystem,PC,,,,,2000,4.174387,6.904751,2.727853,,,1.386294
88,760,8.6,3,Enhancement,,,,,,,3,,1998,4.477337,6.633318,2.151762,1.098612,,1.098612
79,2817,35.7,,Enhancement,,,,,3GL,Java,,,2004,4.369448,7.943428,3.575151,,,
103,4496,43.7,,Enhancement,,,,,3GL,COBOL,,,2004,4.634729,8.410943,3.777348,,,
200,8151,40.8,8,Enhancement,Communications,Telecommunications,TransactionProductionSystem,,4GL,VB,19,19,1999,5.298317,9.005896,3.708682,2.944439,2.944439,2.079442
133,334,2.5,4,Enhancement,Communications,Telecommunications,,,3GL,C,3,3,2000,4.890349,5.811141,0.916291,1.098612,1.098612,1.386294
52,741,14.3,,Enhancement,FinPropAndBusiServ,,FinancialAccounting,MF,,,,,2002,3.951244,6.608001,2.66026,,,
89,508,5.7,2.1,Enhancement,Banking,,FinancialAccounting,MF,3GL,PL/I,,,2001,4.488636,6.230481,1.740466,,,0.741937
522,7063,13.5,10,New_Development,Insurance,,FinancialAccounting,MR,3GL,C,,,2001,6.257668,8.862625,2.60269,,,2.302585
85,846,10,,Enhancement,FinPropAndBusiServ,,FinancialAccounting,PC,,,,,2001,4.442651,6.740519,2.302585,,,
65,1142,17.6,,Enhancement,FinPropAndBusiServ,,FinancialAccounting,MF,4GL,ORACLE,,,2002,4.174387,7.040536,2.867899,,,
108,1652,15.3,8.9,Enhancement,,,TransactionProductionSystem,MF,3GL,COBOL,2,,2000,4.682131,7.409742,2.727853,0.693147,,2.186051
189,5241,27.7,12,New_Development,,,,,,,,,1997,5.241747,8.564268,3.321432,,,2.484907
3,45,15,0.69,Enhancement,,,,,,,,,2004,1.098612,3.806662,2.70805,,,-0.371064
146,2446,16.8,8.45,Enhancement,,,,,3GL,C++,,,2004,4.983607,7.802209,2.821379,,,2.134166
25,384,15.4,1.81,Enhancement,,,,,4GL,ORACLE,,,2004,3.218876,5.950643,2.734368,,,0.593327
790,2909,3.7,5,New_Development,,,,,,,4,,1998,6.672033,7.975565,1.308333,1.386294,,1.609438
70,1480,21.1,,Enhancement,Ordering,,MIS,,3GL,COBOL,,,2002,4.248495,7.299797,3.049273,,,
571,8996,15.8,8,Enhancement,Communications,Telecommunications,NetworkManagement,,3GL,C,18,18,1999,6.347389,9.104535,2.76001,2.890372,2.890372,2.079442
322,7850,24.4,20,New_Development,,,,,4GL,SQL,4,,1995,5.774552,8.968269,3.194583,1.386294,,2.995732
127,2715,21.4,9.1,Enhancement,,,TransactionProductionSystem,MF,3GL,COBOL,3,,2002,4.844187,7.906547,3.063391,1.098612,,2.208274
351,1118,3.2,5.5,New_Development,Manufacturing,,MIS,Multi,4GL,VB,,,2000,5.860786,7.019297,1.163151,,,1.704748
122,7991,65.5,,Enhancement,Voice_Provisioning,,VoiceProvisioning,,3GL,Java,,,2002,4.804021,8.986071,4.18205,,,
1279,3569,2.8,15,New_Development,,,,,,,8,,1999,7.153834,8.180041,1.029619,2.079442,,2.70805
141,1600,11.3,14.7,New_Development,,,TransactionProductionSystem,MF,3GL,COBOL,1,,2000,4.94876,7.377759,2.424803,0,,2.687847
300,889,3,11,New_Development,,,,,3GL,C,6,,1998,5.703782,6.790097,1.098612,1.791759,,2.397895
106,1261,11.9,,Enhancement,FinPropAndBusiServ,,FinancialAccounting,,,,,,2002,4.663439,7.13966,2.476538,,,
64,347,5.4,3.39,Enhancement,,,,,,,,,2004,4.158883,5.849325,1.686399,,,1.22083
3,42,14,1.28,Enhancement,,,,,,,,,2004,1.098612,3.73767,2.639057,,,0.24686
542,2240,4.1,8,New_Development,,,,,,,2,,1998,6.295266,7.714231,1.410987,0.693147,,2.079442
194,273,1.4,,New_Development,FinPropAndBusiServ,Banking,,MF,3GL,COBOL,,,1992,5.267858,5.609472,0.336472,,,
97,404,4.2,1,Enhancement,Communications,Telecommunications,MIS,,4GL,ORACLE,,,1999,4.574711,6.001415,1.435085,,,0
86,1102,12.8,,Enhancement,Ordering,,MIS,MF,3GL,C,,,2002,4.454347,7.004882,2.549445,,,
56,980,17.5,4,Enhancement,Banking,,FinancialAccounting,MF,3GL,PL/I,,,2001,4.025352,6.887553,2.862201,,,1.386294
218,2250,10.3,5,Enhancement,,,,,3GL,VB,6,,1999,5.384495,7.718685,2.332144,1.791759,,1.609438
108,4461,41.3,,Enhancement,,,,,3GL,Java,,,2004,4.682131,8.403128,3.720862,,,
158,4140,26.2,,Enhancement,Voice_Provisioning,,VoiceProvisioning,,3GL,C++,,,2002,5.062595,8.328451,3.265759,,,
16,2114,132.1,,Enhancement,,,,,3GL,Java,,,2004,2.772589,7.656337,4.883559,,,
89,4884,54.9,,Enhancement,Voice_Provisioning,,VoiceProvisioning,,3GL,C++,,,2002,4.488636,8.49372,4.005513,,,
121,1293,10.7,3,Enhancement,Communications,Telecommunications,MIS,,3GL,C++,4,4,1999,4.795791,7.16472,2.370244,1.386294,1.386294,1.098612
263,1311,5,3,Enhancement,,,,,3GL,C,3,,1998,5.572154,7.178545,1.609438,1.098612,,1.098612
107,3160,29.5,,Enhancement,Ordering,,MIS,,3GL,C++,,,2002,4.672829,8.058327,3.38439,,,
70,1699,24.3,,Enhancement,Voice_Provisioning,,VoiceProvisioning,MF,3GL,C++,,,2002,4.248495,7.437795,3.190476,,,
476,10880,22.9,9,Enhancement,,,,,,,,,2002,6.165418,9.294682,3.131137,,,2.197225
155,1974,12.7,3,Enhancement,Insurance,,FinancialAccounting,MF,3GL,Java,7,,2002,5.043425,7.587817,2.541602,1.94591,,1.098612
169,3705,21.9,,Enhancement,,,,,3GL,Java,,,2004,5.129899,8.217439,3.086487,,,
126,1442,11.4,12,Enhancement,Manufacturing,,MIS,Multi,4GL,SQL,,,2002,4.836282,7.273786,2.433613,,,2.484907
50,921,18.4,,Enhancement,FinPropAndBusiServ,,FinancialAccounting,MF,4GL,ORACLE,,,2002,3.912023,6.82546,2.912351,,,
98,3271,33.4,17.4,Enhancement,,,TransactionProductionSystem,MF,3GL,COBOL,6,,1998,4.584967,8.092851,3.508556,1.791759,,2.85647
391,3287,8.4,17,New_Development,Communications,Telecommunications,TransactionProductionSystem,,3GL,COBOL,10,10,2000,5.968708,8.097731,2.128232,2.302585,2.302585,2.833213
70,764,10.9,3,Enhancement,Communications,Telecommunications,NetworkManagement,PC,4GL,VB,3,3,2000,4.248495,6.638568,2.388763,1.098612,1.098612,1.098612
777,3024,3.9,7,Enhancement,,,,,,,5,,1999,6.65544,8.014336,1.360977,1.609438,,1.94591
201,3926,19.5,8,Enhancement,Manufacturing,,,MF,3GL,PL/I,14,,2001,5.303305,8.275376,2.970414,2.639057,,2.079442
1387,1225,0.9,2.7,New_Development,Manufacturing,,FinancialAccounting,Multi,4GL,VB,,,2001,7.234898,7.110696,-0.105361,,,0.993252
380,2676,7,,Enhancement,FinPropAndBusiServ,,FinancialAccounting,,,,,,2002,5.940171,7.892078,1.94591,,,
12,96,8,2.89,Enhancement,,,,,3GL,COBOL,,,2004,2.484907,4.564348,2.079442,,,1.061257
62,996,16.1,4,Enhancement,Communications,Telecommunications,TransactionProductionSystem,PC,4GL,VB,3,3,2001,4.127134,6.903747,2.778819,1.098612,1.098612,1.386294
525,306,0.6,4,Enhancement,,,,,,,3,,1998,6.263398,5.723585,-0.510826,1.098612,,1.386294
64,620,9.7,,Enhancement,Ordering,,MIS,,3GL,COBOL,,,2002,4.158883,6.429719,2.272126,,,
67,1894,28.3,3,Enhancement,Communications,Telecommunications,TransactionProductionSystem,MR,3GL,C,9,9,2000,4.204693,7.546446,3.342862,2.197225,2.197225,1.098612
29,395,13.6,6,New_Development,Banking,,MIS,PC,3GL,C,,,2001,3.367296,5.978886,2.61007,,,1.791759
578,5134,8.9,,New_Development,FinPropAndBusiServ,Banking,,MF,3GL,COBOL,,,1991,6.359574,8.54364,2.186051,,,
127,7451,58.7,,Enhancement,Ordering,,MIS,MF,3GL,C,,,2002,4.844187,8.916104,4.07244,,,
473,2000,4.2,2,New_Development,Manufacturing,,MIS,MR,3GL,Java,,,2001,6.159095,7.600902,1.435085,,,0.693147
201,3804,18.9,7.4,Enhancement,,,TransactionProductionSystem,MF,3GL,COBOL,7,,1999,5.303305,8.243808,2.939162,1.94591,,2.00148
73,3934,53.9,,Enhancement,Ordering,,MIS,,3GL,C++,,,2002,4.290459,8.277412,3.98713,,,
51,536,10.5,3.62,Enhancement,,,,,4GL,ORACLE,,,2004,3.931826,6.284134,2.351375,,,1.286474
385,2761,7.2,7,New_Development,Banking,Banking,MIS,MF,4GL,VB,7,3.4,1995,5.953243,7.923348,1.974081,1.94591,1.223775,1.94591
747,3108,4.2,9,Enhancement,,,,,3GL,C,3,2.3,1998,6.616065,8.041735,1.435085,1.098612,0.832909,2.197225
124,616,5,4,New_Development,Banking,Banking,TransactionProductionSystem,MF,3GL,COBOL,2,1.6,1994,4.820282,6.423247,1.609438,0.693147,0.470004,1.386294
261,2639,10.1,6,Enhancement,Communications,Telecommunications,TransactionProductionSystem,MR,4GL,VB,8,8,2000,5.56452,7.878155,2.312535,2.079442,2.079442,1.791759
527,1621,3.1,,Enhancement,,,NetworkManagement,,3GL,C,,,2004,6.267201,7.390799,1.131402,,,
416,3800,9.1,9,Enhancement,,,,,,,7,,1998,6.030685,8.242756,2.208274,1.94591,,2.197225
175,471,2.7,3,Enhancement,,,,,,,4,,1998,5.164786,6.154858,0.993252,1.386294,,1.098612
1290,22045,17.1,8,New_Development,Communications,Telecommunications,MIS,,3GL,Java,31,31,1999,7.162397,10.000841,2.839078,3.433987,3.433987,2.079442
79,1108,14,6,New_Development,,,,,3GL,C,2,,2000,4.369448,7.010312,2.639057,0.693147,,1.791759
2391,3889,1.6,5,Enhancement,,,,,,,9,,1999,7.779467,8.265907,0.470004,2.197225,,1.609438
406,964,2.4,,New_Development,,,,,,,,,2002,6.006353,6.871091,0.875469,,,
2027,28160,13.9,20,New_Development,,,,,,,,,2002,7.614312,10.245658,2.631889,,,2.995732
3622,14573,4,5,Enhancement,Insurance,,FinancialAccounting,MF,3GL,COBOL,,,2002,8.194782,9.586926,1.386294,,,1.609438
120,912,7.6,1.97,Enhancement,,,,,4GL,ORACLE,,,2004,4.787492,6.81564,2.028148,,,0.678034
50,1132,22.6,,Enhancement,Ordering,,MIS,MF,3GL,C,,,2002,3.912023,7.031741,3.11795,,,
370,1505,4.1,4.6,Enhancement,Banking,,FinancialAccounting,MF,3GL,PL/I,,,2000,5.913503,7.316548,1.410987,,,1.526056
391,3247,8.3,10,New_Development,,,,,,,9,,1998,5.968708,8.085487,2.116256,2.197225,,2.302585
144,742,5.2,3,Enhancement,Communications,Telecommunications,MIS,,4GL,ORACLE,4,4,1999,4.969813,6.609349,1.648659,1.386294,1.386294,1.098612
160,1479,9.2,,Enhancement,,,,,3GL,COBOL,,,2004,5.075174,7.299121,2.219203,,,
550,9296,16.9,7,New_Development,,,,,,,9,,1999,6.309918,9.137339,2.827314,2.197225,,1.94591
14,162,11.6,0.62,Enhancement,,,,,,,,,2004,2.639057,5.087596,2.451005,,,-0.478036
161,9808,60.9,8.4,New_Development,Insurance,,FinancialAccounting,MF,3GL,COBOL,,,2001,5.081404,9.190954,4.109233,,,2.128232
27,96,3.6,0.8,Enhancement,Banking,,FinancialAccounting,MF,3GL,PL/I,,,2001,3.295837,4.564348,1.280934,,,-0.223144
64,1073,16.8,1,New_Development,Banking,Banking,TransactionProductionSystem,MF,3GL,COBOL,3,1.6,1995,4.158883,6.978214,2.821379,1.098612,0.470004,0
75,303,4,,Enhancement,FinPropAndBusiServ,,FinancialAccounting,MF,4GL,ORACLE,,,2002,4.317488,5.713733,1.386294,,,
96,6666,69.4,5,Enhancement,Communications,Telecommunications,TransactionProductionSystem,,4GL,VB,26,26,1999,4.564348,8.804775,4.239887,3.258097,3.258097,1.609438
3,367,122.3,0.72,Enhancement,,,,,4GL,ORACLE,,,2004,1.098612,5.905362,4.806477,,,-0.328504
51,337,6.6,10,Enhancement,,,,,,,1,,1999,3.931826,5.820083,1.88707,0,,2.302585
82,410,5,3,Enhancement,Communications,Telecommunications,TransactionProductionSystem,,4GL,NATURAL,4,4,1999,4.406719,6.016157,1.609438,1.386294,1.386294,1.098612
231,5079,22,11.6,Enhancement,,,TransactionProductionSystem,MF,3GL,COBOL,6.3,,2001,5.442418,8.53287,3.091042,1.84055,,2.451005
314,1260,4,,New_Development,,,,,3GL,VB,8,,2002,5.749393,7.138867,1.386294,2.079442,,
476,64,0.1,6.9,New_Development,FinPropAndBusiServ,,FinancialAccounting,Multi,4GL,VB,,,2002,6.165418,4.158883,-2.302585,,,1.931521
42,882,21,,Enhancement,Banking,,FinancialAccounting,MF,3GL,PL/I,,,,3.73767,6.782192,3.044522,,,
77,378,4.9,3.12,Enhancement,,,,,,,,,2004,4.343805,5.934894,1.589235,,,1.137833
157,1000,6.4,5,Enhancement,Communications,Telecommunications,MIS,MR,4GL,SQL,,,2000,5.056246,6.907755,1.856298,,,1.609438
51,2828,55.5,1,Enhancement,Communications,Telecommunications,TransactionProductionSystem,MR,4GL,SQL,,,2001,3.931826,7.947325,4.016383,,,0
69,984,14.3,8,Enhancement,Communications,Telecommunications,TransactionProductionSystem,,3GL,COBOL,,,2000,4.234107,6.891626,2.66026,,,2.079442
105,300,2.9,1,Enhancement,Communications,Telecommunications,NetworkManagement,PC,4GL,VB,,,2000,4.65396,5.703782,1.064711,,,0
70,942,13.5,0.46,Enhancement,,,,,,,,,2004,4.248495,6.848005,2.60269,,,-0.776529
124,1000,8.1,10.7,Enhancement,,,TransactionProductionSystem,MF,3GL,COBOL,1.75,,2000,4.820282,6.907755,2.091864,0.559616,,2.370244
142,2744,19.3,7,Enhancement,,,,,3GL,C,7,,2000,4.955827,7.917172,2.960105,1.94591,,1.94591
180,12272,68.2,29.9,Enhancement,,,MIS,MF,3GL,COBOL,9,,2002,5.192957,9.415076,4.222445,2.197225,,3.397858
477,4529,9.5,16,Enhancement,,,TransactionProductionSystem,MF,3GL,COBOL,6,,1999,6.167516,8.418256,2.251292,1.791759,,2.772589
188,776,4.1,4,New_Development,Communications,Telecommunications,,,4GL,VB,2,2,1999,5.236442,6.654153,1.410987,0.693147,0.693147,1.386294
245,1152,4.7,11,New_Development,,,,,,,2,,1999,5.501258,7.049255,1.547563,0.693147,,2.397895
860,2074,2.4,6,New_Development,,,,,,,4,,1998,6.756932,7.637234,0.875469,1.386294,,1.791759
73,912,12.5,5,Enhancement,Communications,Telecommunications,NetworkManagement,,,,4,4,2000,4.290459,6.81564,2.525729,1.386294,1.386294,1.609438
480,1042,2.2,7,New_Development,,,,,,,3,1.7,1997,6.173786,6.948897,0.788457,1.098612,0.530628,1.94591
467,1192,2.6,2,Enhancement,,,,,,,4,,1998,6.146329,7.083388,0.955511,1.386294,,0.693147
68,617,9.1,5,Enhancement,Communications,Telecommunications,TransactionProductionSystem,,4GL,VB,1,1,2000,4.219508,6.424869,2.208274,0,0,1.609438
3389,73920,21.8,44,New_Development,,,,,,,34,22.7,1999,8.12829,11.210739,3.08191,3.526361,3.122365,3.78419
109,4576,42,6.3,Enhancement,,,TransactionProductionSystem,MF,3GL,COBOL,4,,2000,4.691348,8.428581,3.73767,1.386294,,1.84055
10,23,2.3,1.02,Enhancement,,,,,,,,,2004,2.302585,3.135494,0.832909,,,0.019803
36,470,13.1,2.27,Enhancement,,,,,3GL,COBOL,,,2004,3.583519,6.152733,2.572612,,,0.81978
885,1940,2.2,6,Enhancement,,,,,,,7,4.3,1998,6.785588,7.570443,0.788457,1.94591,1.458615,1.791759
119,2010,16.9,7,Enhancement,Communications,Telecommunications,,,4GL,VB,5,5,1999,4.779123,7.60589,2.827314,1.609438,1.609438,1.94591
19,241,12.7,4.04,Enhancement,,,,,3GL,COBOL,,,2004,2.944439,5.484797,2.541602,,,1.396245
12,178,14.8,1.71,Enhancement,,,,,,,,,2004,2.484907,5.181784,2.694627,,,0.536493
217,3417,15.7,8,Enhancement,Communications,Telecommunications,MIS,,4GL,ORACLE,6,6,1999,5.379897,8.136518,2.753661,1.791759,1.791759,2.079442
48,384,8,0.95,Enhancement,,,,,,,,,2004,3.871201,5.950643,2.079442,,,-0.051293
214,1430,6.7,3,Enhancement,Communications,Telecommunications,TransactionProductionSystem,,3GL,COBOL,,,2000,5.365976,7.26543,1.902108,,,1.098612
338,16770,49.6,9,New_Development,Communications,Telecommunications,TransactionProductionSystem,MR,3GL,C++,30,30,1999,5.823046,9.727347,3.903991,3.401197,3.401197,2.197225
62,4428,71.4,7,Enhancement,Communications,Telecommunications,TransactionProductionSystem,,4GL,SQL,22,22,1999,4.127134,8.395703,4.268298,3.091042,3.091042,1.94591
259,2488,9.6,8,Enhancement,Communications,Telecommunications,,,,,4,4,1999,5.556828,7.819234,2.261763,1.386294,1.386294,2.079442
1185,3822,3.2,7,New_Development,,,,,3GL,VB,20,7,1998,7.077498,8.248529,1.163151,2.995732,1.94591,1.94591
746,2909,3.9,5.5,Enhancement,Communications,,MIS,Multi,4GL,VB,,,2001,6.614726,7.975565,1.360977,,,1.704748
143,5506,38.5,9,Enhancement,Manufacturing,,,,,,17,,2002,4.962845,8.613594,3.650658,2.833213,,2.197225
144,1261,8.8,5,Enhancement,,,,,3GL,C++,4,,1998,4.969813,7.13966,2.174752,1.386294,,1.609438
408,1820,4.5,5,Enhancement,,,,,,,5,,1998,6.011267,7.506592,1.504077,1.609438,,1.609438
699,3112,4.5,9,New_Development,,,,,,,6,,1999,6.549651,8.043021,1.504077,1.791759,,2.197225
2572,11397,4.4,,New_Development,,,,,,,,,2002,7.852439,9.341105,1.481605,,,
116,555,4.8,3.42,Enhancement,,,,,,,,,2004,4.75359,6.318968,1.568616,,,1.229641
67,901,13.4,3.16,Enhancement,,,,,,,,,2004,4.204693,6.803505,2.595255,,,1.150572
49,423,8.6,7,Enhancement,Insurance,,FinancialAccounting,MF,3GL,COBOL,,,2002,3.89182,6.047372,2.151762,,,1.94591
82,10886,132.8,,Enhancement,Voice_Provisioning,,VoiceProvisioning,,3GL,C++,,,2002,4.406719,9.295233,4.888844,,,
1117,18240,16.3,15,New_Development,,,,,,,,,2002,7.018402,9.811372,2.791165,,,2.70805
94,1313,14,11,Enhancement,Communications,Telecommunications,MIS,MR,4GL,SQL,5,5,2000,4.543295,7.18007,2.639057,1.609438,1.609438,2.397895
154,582,3.8,10,Enhancement,Communications,Telecommunications,NetworkManagement,,4GL,SQL,3,3,2000,5.036953,6.36647,1.335001,1.098612,1.098612,2.302585
469,2778,5.9,4,Enhancement,Communications,Telecommunications,TransactionProductionSystem,MR,4GL,SQL,8,8,2000,6.150603,7.929487,1.774952,2.079442,2.079442,1.386294
934,5236,5.6,10,New_Development,,,,,,,9,4.7,2000,6.839476,8.563313,1.722767,2.197225,1.547563,2.302585
177,360,2,3,New_Development,,,,,,,2,,1999,5.17615,5.886104,0.693147,0.693147,,1.098612
85,782,9.2,2.1,Enhancement,,,,,,,,,2004,4.442651,6.661855,2.219203,,,0.741937
135,1272,9.4,2.6,Enhancement,,,,,,,,,2004,4.905275,7.148346,2.24071,,,0.955511
61,782,12.8,,Enhancement,FinPropAndBusiServ,,FinancialAccounting,MF,,,,,2001,4.110874,6.661855,2.549445,,,
40,119,3,6,Enhancement,Banking,,FinancialAccounting,MF,3GL,PL/I,,,2001,3.688879,4.779123,1.098612,,,1.791759
210,1843,8.8,3,New_Development,Communications,Telecommunications,,,,,5,5,2000,5.347108,7.51915,2.174752,1.609438,1.609438,1.098612
91,6343,69.7,,Enhancement,Voice_Provisioning,,VoiceProvisioning,,3GL,C,,,2002,4.51086,8.755107,4.2442,,,
9,45,5,3.55,Enhancement,,,,,,,,,2004,2.197225,3.806662,1.609438,,,1.266948
609,2202,3.6,6,New_Development,Manufacturing,,FinancialAccounting,Multi,4GL,VB,,,2000,6.411818,7.697121,1.280934,,,1.791759
117,1287,11,,Enhancement,Ordering,,MIS,,3GL,C,,,2002,4.762174,7.160069,2.397895,,,
169,672,4,3,New_Development,,,,,,,4,,1998,5.129899,6.510258,1.386294,1.386294,,1.098612
77,812,10.5,6,Enhancement,Communications,Telecommunications,MIS,,4GL,NATURAL,1,1,1999,4.343805,6.6995,2.351375,0,0,1.791759
394,971,2.5,6,New_Development,,,,,,,4,,1998,5.976351,6.878326,0.916291,1.386294,,1.791759
473,2982,6.3,7,New_Development,,,,,,,5,,1998,6.159095,8.000349,1.84055,1.609438,,1.94591
168,1664,9.9,5,New_Development,,,,,3GL,C,3,,1999,5.123964,7.41698,2.292535,1.098612,,1.609438
7,560,80,0.16,Enhancement,,,,,,,,,2004,1.94591,6.327937,4.382027,,,-1.832581
64,2189,34.2,2,Enhancement,Communications,Telecommunications,TransactionProductionSystem,MR,4GL,SQL,6,6,2000,4.158883,7.6912,3.532226,1.791759,1.791759,0.693147
182,547,3,,Enhancement,FinPropAndBusiServ,,FinancialAccounting,MF,3GL,COBOL,,,2002,5.204007,6.304449,1.098612,,,
146,926,6.3,6,New_Development,,,,,,,3,,1998,4.983607,6.830874,1.84055,1.098612,,1.791759
725,8967,12.4,8,Enhancement,Communications,Telecommunications,TransactionProductionSystem,MR,4GL,SQL,21,21,2000,6.586172,9.101306,2.517696,3.044522,3.044522,2.079442
102,1445,14.2,1.58,Enhancement,,,,,4GL,ORACLE,,,2004,4.624973,7.275865,2.653242,,,0.457425
55,789,14.3,2.6,Enhancement,,,,,,,,,2004,4.007333,6.670766,2.66026,,,0.955511
718,2281,3.2,6,Enhancement,,,,,,,,,1998,6.57647,7.732369,1.163151,,,1.791759
53,159,3,,Enhancement,FinPropAndBusiServ,,FinancialAccounting,MF,,,,,2002,3.970292,5.068904,1.098612,,,
87,1652,19,,Enhancement,FinPropAndBusiServ,,FinancialAccounting,,,,,,2002,4.465908,7.409742,2.944439,,,
624,3874,6.2,7,Enhancement,,,,,3GL,VB,11,,1999,6.43615,8.262043,1.824549,2.397895,,1.94591
1238,1960,1.6,3,Enhancement,,,,,,,7,,1997,7.121252,7.5807,0.470004,1.94591,,1.098612
1632,16702,10.2,15,New_Development,,,,,3GL,VB,11,5.3,1998,7.397562,9.723284,2.322388,2.397895,1.667707,2.70805
323,1586,4.9,6,New_Development,,,,,,,3,,1997,5.777652,7.36897,1.589235,1.098612,,1.791759
607,3289,5.4,10,Enhancement,Communications,Telecommunications,TransactionProductionSystem,PC,3GL,COBOL,15,15,2000,6.408529,8.098339,1.686399,2.70805,2.70805,2.302585
75,569,7.6,5,Enhancement,Communications,Telecommunications,MIS,PC,4GL,ORACLE,10,10,2000,4.317488,6.34388,2.028148,2.302585,2.302585,1.609438
214,1822,8.5,4,Enhancement,Communications,Telecommunications,,,4GL,SQL,7,7,1999,5.365976,7.50769,2.140066,1.94591,1.94591,1.386294
105,9165,87.3,,Enhancement,Voice_Provisioning,,VoiceProvisioning,,3GL,Java,,,2002,4.65396,9.123147,4.46935,,,
7,48,6.9,0.46,Enhancement,,,,,,,,,2004,1.94591,3.871201,1.931521,,,-0.776529
257,2027,7.9,11,New_Development,,,,,3GL,C,2,,1999,5.549076,7.614312,2.066863,0.693147,,2.397895
291,8371,28.8,2.9,Enhancement,Insurance,,FinancialAccounting,MF,3GL,VB,,,2001,5.673323,9.032529,3.360375,,,1.064711
989,5968,6,10,New_Development,,,,,,,,,2002,6.896694,8.694167,1.791759,,,2.302585
33,495,15,2.43,Enhancement,,,,,3GL,COBOL,,,2004,3.496508,6.204558,2.70805,,,0.887891
346,1507,4.4,3,Enhancement,,,,,3GL,VB,3,,1997,5.846439,7.317876,1.481605,1.098612,,1.098612
762,16613,21.8,2.9,Enhancement,Insurance,,FinancialAccounting,MF,3GL,Java,30,,2002,6.635947,9.717941,3.08191,3.401197,,1.064711
280,1100,3.9,4,Enhancement,,,,,,,,,1998,5.63479,7.003065,1.360977,,,1.386294
1169,10522,9,9,New_Development,,,,,,,15,,1999,7.063904,9.261224,2.197225,2.70805,,2.197225
80,210,2.6,3,Enhancement,Insurance,,FinancialAccounting,MF,3GL,COBOL,,,2000,4.382027,5.347108,0.955511,,,1.098612
109,4814,44.2,,Enhancement,Voice_Provisioning,,VoiceProvisioning,,3GL,C,,,2002,4.691348,8.479284,3.788725,,,
1986,2258,1.1,3,Enhancement,Insurance,,FinancialAccounting,MR,3GL,C,,,1999,7.593878,7.722235,0.09531,,,1.098612
408,9075,22.2,8,Enhancement,Communications,Telecommunications,MIS,MR,3GL,Java,19,19,2000,6.011267,9.113279,3.100092,2.944439,2.944439,2.079442
551,6050,11,10,New_Development,,,,,3GL,C,8,,1998,6.311735,8.707814,2.397895,2.079442,,2.302585
159,3084,19.4,5,New_Development,Banking,Banking,TransactionProductionSystem,MF,,,5,2.8,1995,5.068904,8.033983,2.965273,1.609438,1.029619,1.609438
17,301,17.7,1.41,Enhancement,,,,,3GL,COBOL,,,2004,2.833213,5.70711,2.873565,,,0.34359
74,1419,19.2,6,Enhancement,,,,,,,6,,1998,4.304065,7.257708,2.95491,1.791759,,1.791759
193,5690,29.5,4,New_Development,Communications,Telecommunications,TransactionProductionSystem,,4GL,ORACLE,11,11,1999,5.26269,8.646466,3.38439,2.397895,2.397895,1.386294
3210,43300,13.5,31,New_Development,,,,,4GL,SQL,40,,1995,8.074026,10.675908,2.60269,3.688879,,3.433987
75,496,6.6,4,Enhancement,Banking,,FinancialAccounting,MF,3GL,PL/I,,,2002,4.317488,6.206576,1.88707,,,1.386294
118,1603,13.6,8,Enhancement,,,,,,,5,,1997,4.770685,7.379632,2.61007,1.609438,,2.079442
1064,1099,1,,New_Development,,,,,3GL,VB,,,2002,6.969791,7.002156,0,,,
73,10106,138.4,,Enhancement,,,,,3GL,Java,,,2004,4.290459,9.220885,4.930148,,,
138,2988,21.7,8,Enhancement,Communications,Telecommunications,TransactionProductionSystem,,3GL,COBOL,6,6,1999,4.927254,8.00236,3.077312,1.791759,1.791759,2.079442
203,3219,15.9,5,Enhancement,Banking,Banking,MIS,MF,3GL,COBOL,,,1996,5.313206,8.076826,2.766319,,,1.609438
281,1608,5.7,5,Enhancement,,,,,,,2,1.5,1998,5.638355,7.382746,1.740466,0.693147,0.405465,1.609438
144,513,3.6,,New_Development,FinPropAndBusiServ,Banking,,MF,3GL,COBOL,,,1991,4.969813,6.240276,1.280934,,,
55,95,1.7,1.94,Enhancement,,,,,,,,,2004,4.007333,4.553877,0.530628,,,0.662688
62,2602,42,,Enhancement,Ordering,,MIS,,3GL,C,,,2002,4.127134,7.864036,3.73767,,,
777,5180,6.7,10,Enhancement,,,,,3GL,C,9,4.7,1998,6.65544,8.55256,1.902108,2.197225,1.547563,2.302585
75,465,6.2,4.9,Enhancement,Banking,,FinancialAccounting,MF,3GL,PL/I,,,2002,4.317488,6.142037,1.824549,,,1.589235
117,1674,14.3,4,Enhancement,FinPropAndBusiServ,Banking,,MF,3GL,COBOL,4,,1991,4.762174,7.422971,2.66026,1.386294,,1.386294
266,3023,11.4,,New_Development,FinPropAndBusiServ,Banking,,MF,3GL,COBOL,,,1991,5.583496,8.014005,2.433613,,,
18,306,17,3,Enhancement,Banking,,FinancialAccounting,MF,3GL,PL/I,,,2001,2.890372,5.723585,2.833213,,,1.098612
4,38,9.5,0.1,Enhancement,,,,,3GL,COBOL,,,2004,1.386294,3.637586,2.251292,,,-2.302585
766,13183,17.2,5,Enhancement,Communications,Telecommunications,TransactionProductionSystem,MR,4GL,SQL,33,33,1999,6.641182,9.486683,2.844909,3.496508,3.496508,1.609438
279,937,3.4,9,Enhancement,Communications,Telecommunications,MIS,,4GL,NATURAL,4,4,1999,5.631212,6.842683,1.223775,1.386294,1.386294,2.197225
289,8150,28.2,12,Enhancement,,,TransactionProductionSystem,MF,3GL,COBOL,5,,1999,5.666427,9.005773,3.339322,1.609438,,2.484907
56,3030,54.1,8,Enhancement,Communications,Telecommunications,TransactionProductionSystem,,3GL,COBOL,8,8,1999,4.025352,8.016318,3.990834,2.079442,2.079442,2.079442
44,173,3.9,3.45,Enhancement,,,,,,,,,2004,3.78419,5.153292,1.360977,,,1.238374
247,1757,7.1,6,New_Development,Banking,Banking,TransactionProductionSystem,PC,4GL,VB,7,2.6,1995,5.509388,7.471363,1.960095,1.94591,0.955511,1.791759
132,401,3,,Enhancement,,,,,3GL,Java,,,2004,4.882802,5.993961,1.098612,,,
2456,2464,1,,New_Development,,,,,,,,,2002,7.806289,7.809541,0,,,
226,8258,36.5,12.2,Enhancement,,,MIS,MF,3GL,COBOL,4,,2002,5.420535,9.018938,3.597312,1.386294,,2.501436
219,510,2.3,3,New_Development,,,,,,,3,,1999,5.389072,6.234411,0.832909,1.098612,,1.098612
572,13020,22.8,20,New_Development,,,,,4GL,SQL,8,,1995,6.349139,9.474242,3.126761,2.079442,,2.995732
211,3136,14.9,7,New_Development,,,,,,,5,,1999,5.351858,8.050703,2.701361,1.609438,,1.94591
59,340,5.8,3,New_Development,Communications,Telecommunications,TransactionProductionSystem,,4GL,VB,1,1,1999,4.077537,5.828946,1.757858,0,0,1.098612
85,497,5.8,5.95,Enhancement,,,,,3GL,Java,,,2004,4.442651,6.20859,1.757858,,,1.783391
39,1313,33.7,7,Enhancement,,,,,3GL,C,3,,1999,3.663562,7.18007,3.517498,1.098612,,1.94591
1181,3006,2.5,12,Enhancement,Communications,Telecommunications,MIS,PC,4GL,ORACLE,,,2000,7.074117,8.008366,0.916291,,,2.484907
582,2041,3.5,8,New_Development,Communications,Telecommunications,MIS,,4GL,VB,5,5,1999,6.36647,7.621195,1.252763,1.609438,1.609438,2.079442
547,2512,4.6,3,New_Development,Communications,,TransactionProductionSystem,MF,4GL,ORACLE,,,2000,6.304449,7.828835,1.526056,,,1.098612
559,3020,5.4,4,New_Development,,,,,3GL,VB,4,,1999,6.326149,8.013012,1.686399,1.386294,,1.386294
141,299,2.1,2,New_Development,Communications,,TransactionProductionSystem,PC,4GL,ORACLE,,,2000,4.94876,5.700444,0.741937,,,0.693147
19,68,3.6,2.43,Enhancement,,,,,,,,,2004,2.944439,4.219508,1.280934,,,0.887891
81,1168,14.4,2.93,Enhancement,,,,,4GL,ORACLE,,,2004,4.394449,7.063048,2.667228,,,1.075002
985,3496,3.5,8,Enhancement,,,,,,,,,1997,6.892642,8.159375,1.252763,,,2.079442
326,1234,3.8,6,New_Development,,,,,,,6,,1999,5.786897,7.118016,1.335001,1.791759,,1.791759
141,912,6.5,4,New_Development,,,,,,,3,,1999,4.94876,6.81564,1.871802,1.098612,,1.386294
93,3810,41,,Enhancement,Ordering,,MIS,,3GL,C++,,,2002,4.532599,8.245384,3.713572,,,
128,1429,11.2,8,New_Development,Communications,Telecommunications,MIS,PC,4GL,VB,7,7,2000,4.85203,7.26473,2.415914,1.94591,1.94591,2.079442
126,1665,13.2,9,Enhancement,Communications,Telecommunications,NetworkManagement,PC,4GL,VB,7,7,2000,4.836282,7.41758,2.580217,1.94591,1.94591,2.197225
389,4719,12.1,,Enhancement,FinPropAndBusiServ,,FinancialAccounting,MF,3GL,C,,,2002,5.963579,8.459352,2.493205,,,
476,5657,11.9,1,Enhancement,,,,,3GL,C,8,,1999,6.165418,8.640649,2.476538,2.079442,,0
57,317,5.6,,Enhancement,FinPropAndBusiServ,,FinancialAccounting,MF,3GL,C,,,2002,4.043051,5.758902,1.722767,,,
1176,2278,1.9,7,Enhancement,,,,,,,7,,1997,7.069874,7.731053,0.641854,1.94591,,1.94591
60,1161,19.4,2.73,Enhancement,,,,,4GL,ORACLE,,,2004,4.094345,7.057037,2.965273,,,1.004302
144,1035,7.2,,New_Development,FinPropAndBusiServ,Banking,,PC,3GL,C,,,1992,4.969813,6.942157,1.974081,,,
267,1727,6.5,6,New_Development,Banking,Banking,MIS,MF,4GL,VB,,,1996,5.587249,7.454141,1.871802,,,1.791759
409,8987,22,7,New_Development,Communications,Telecommunications,TransactionProductionSystem,PC,3GL,C++,,,2000,6.013715,9.103534,3.091042,,,1.94591
264,686,2.6,6,Enhancement,Insurance,,FinancialAccounting,MF,3GL,COBOL,,,2002,5.575949,6.530878,0.955511,,,1.791759
413,743,1.8,3,New_Development,,,,,,,4,,1999,6.023448,6.610696,0.587787,1.386294,,1.098612
2099,17400,8.3,5,Enhancement,Banking,,FinancialAccounting,MR,3GL,C++,,,2001,7.649216,9.764225,2.116256,,,1.609438
63,2391,38,,Enhancement,,,,,3GL,Java,,,2004,4.143135,7.779467,3.637586,,,
143,4380,30.6,,New_Development,FinPropAndBusiServ,Banking,,MF,3GL,COBOL,,,1991,4.962845,8.384804,3.421,,,
258,5657,21.9,8,New_Development,Communications,Telecommunications,TransactionProductionSystem,,3GL,C,23,23,2000,5.55296,8.640649,3.086487,3.135494,3.135494,2.079442
130,5149,39.6,,Enhancement,,,,,3GL,Java,,,2004,4.867534,8.546558,3.678829,,,
36,129,3.6,1,Enhancement,Banking,,FinancialAccounting,MF,3GL,PL/I,,,2001,3.583519,4.859812,1.280934,,,0
150,600,4,,Enhancement,,,,,,,,,2002,5.010635,6.39693,1.386294,,,
103,764,7.4,4,New_Development,Communications,Telecommunications,,,,,2,2,1999,4.634729,6.638568,2.00148,0.693147,0.693147,1.386294
151,972,6.4,,Enhancement,FinPropAndBusiServ,,FinancialAccounting,MF,4GL,ORACLE,,,2002,5.01728,6.879356,1.856298,,,
96,4550,47.4,3,New_Development,Insurance,,FinancialAccounting,MF,3GL,COBOL,,,2002,4.564348,8.422883,3.858622,,,1.098612
82,2253,27.5,,Enhancement,Ordering,,MIS,MF,3GL,C,,,2002,4.406719,7.720018,3.314186,,,
39,516,13.2,1.2,Enhancement,Banking,,FinancialAccounting,MF,3GL,PL/I,,,2001,3.663562,6.246107,2.580217,,,0.182322
79,2451,31,,Enhancement,,,,,3GL,Java,,,2004,4.369448,7.804251,3.433987,,,
85,2299,27,6,Enhancement,Communications,Telecommunications,TransactionProductionSystem,MR,4GL,SQL,11,11,2000,4.442651,7.74023,3.295837,2.397895,2.397895,1.791759
126,354,2.8,2,Enhancement,,,,,,,2,,1998,4.836282,5.869297,1.029619,0.693147,,0.693147
364,3252,8.9,8,Enhancement,,,,,3GL,C,8,3,2000,5.897154,8.087025,2.186051,2.079442,1.098612,2.079442
50,1848,37,5.7,Enhancement,,,MIS,MF,3GL,COBOL,2,,2000,3.912023,7.521859,3.610918,0.693147,,1.740466
78,950,12.2,3.09,Enhancement,,,,,,,,,2004,4.356709,6.856462,2.501436,,,1.128171
191,2952,15.5,4,Enhancement,Communications,Telecommunications,,,4GL,ORACLE,9,9,1999,5.252273,7.990238,2.74084,2.197225,2.197225,1.386294
900,2098,2.3,4,New_Development,,,,,,,6,,1998,6.802395,7.64874,0.832909,1.791759,,1.386294
275,1222,4.4,,Enhancement,FinPropAndBusiServ,,FinancialAccounting,,,,,,2002,5.616771,7.108244,1.481605,,,
1367,12135,8.9,20.38,New_Development,,,,,,,,,2004,7.220374,9.403849,2.186051,,,3.014554
992,7800,7.9,13,New_Development,Communications,,FinancialAccounting,Multi,4GL,VB,,,2001,6.899723,8.961879,2.066863,,,2.564949
161,3137,19.5,7,Enhancement,Communications,Telecommunications,TransactionProductionSystem,MR,4GL,SQL,10,10,2001,5.081404,8.051022,2.970414,2.302585,2.302585,1.94591
170,2289,13.5,11.6,Enhancement,,,TransactionProductionSystem,MF,3GL,COBOL,2.5,,2001,5.135798,7.73587,2.60269,0.916291,,2.451005
180,463,2.6,1,New_Development,,,,,,,3,1.7,1998,5.192957,6.137727,0.955511,1.098612,0.530628,0
60,304,5.1,3,Enhancement,Communications,Telecommunications,TransactionProductionSystem,MR,4GL,SQL,,,2000,4.094345,5.717028,1.629241,,,1.098612
97,1239,12.8,3,Enhancement,Communications,Telecommunications,TransactionProductionSystem,,3GL,COBOL,2,2,1999,4.574711,7.12206,2.549445,0.693147,0.693147,1.098612
92,6022,65.5,6,Enhancement,Insurance,,FinancialAccounting,MF,3GL,COBOL,,,2002,4.521789,8.703175,4.18205,,,1.791759
90,1077,12,,Enhancement,FinPropAndBusiServ,,FinancialAccounting,MF,3GL,COBOL,,,2002,4.49981,6.981935,2.484907,,,
187,608,3.3,2,New_Development,,,,,,,2,,1997,5.231109,6.410175,1.193922,0.693147,,0.693147
72,452,6.3,2.96,Enhancement,,,,,4GL,ORACLE,,,2004,4.276666,6.113682,1.84055,,,1.085189
2212,5051,2.3,,New_Development,,,,,,,,,2002,7.701652,8.527342,0.832909,,,
602,1368,2.3,2,Enhancement,,,,,,,6,3.7,1998,6.400257,7.221105,0.832909,1.791759,1.308333,0.693147
13,207,15.9,6.48,Enhancement,,,,,,,,,2004,2.564949,5.332719,2.766319,,,1.868721
84,498,5.9,3,New_Development,,,,,,,5,,1997,4.430817,6.2106,1.774952,1.609438,,1.098612
84,1121,13.3,6,Enhancement,Communications,Telecommunications,MIS,MR,4GL,SQL,7,7,2000,4.430817,7.021976,2.587764,1.94591,1.94591,1.791759
428,19328,45.2,8,Enhancement,Communications,Telecommunications,TransactionProductionSystem,,3GL,COBOL,41,41,1999,6.059123,9.86931,3.811097,3.713572,3.713572,2.079442
656,1870,2.9,11,Enhancement,,,,,,,4,,1999,6.486161,7.533694,1.064711,1.386294,,2.397895
475,2934,6.2,13,Enhancement,Communications,Telecommunications,MIS,MR,3GL,Java,4,4,2000,6.163315,7.984122,1.824549,1.386294,1.386294,2.564949
198,4263,21.5,,Enhancement,,,,,3GL,Java,,,2004,5.288267,8.357728,3.068053,,,
37,297,8,5.1,Enhancement,,,TransactionProductionSystem,MF,3GL,COBOL,1,,2000,3.610918,5.693732,2.079442,0,,1.629241
749,1654,2.2,3,Enhancement,,,,,,,8,4.7,1998,6.618739,7.410952,0.788457,2.079442,1.547563,1.098612
8,54,6.8,2.43,Enhancement,,,,,3GL,COBOL,,,2004,2.079442,3.988984,1.916923,,,0.887891
629,2628,4.2,7,New_Development,,,,,,,5,,1998,6.444131,7.873978,1.435085,1.609438,,1.94591
1004,15800,15.7,12,Enhancement,,,,,3GL,C,19,,1998,6.911747,9.667765,2.753661,2.944439,,2.484907
84,1078,12.8,4,Enhancement,Insurance,,FinancialAccounting,MF,3GL,COBOL,,,2002,4.430817,6.982863,2.549445,,,1.386294
502,21864,43.6,,Enhancement,Voice_Provisioning,,VoiceProvisioning,,3GL,Java,,,2002,6.2186,9.992597,3.775057,,,
86,419,4.9,,New_Development,FinPropAndBusiServ,Banking,,MF,3GL,COBOL,,,1991,4.454347,6.037871,1.589235,,,
65,2727,42,10,Enhancement,Communications,Telecommunications,TransactionProductionSystem,MF,4GL,NATURAL,13,13,2001,4.174387,7.910957,3.73767,2.564949,2.564949,2.302585
269,866,3.2,6,Enhancement,Banking,,FinancialAccounting,MF,3GL,PL/I,,,2001,5.594711,6.763885,1.163151,,,1.791759
461,1708,3.7,10,Enhancement,Communications,Telecommunications,MIS,,4GL,ORACLE,4,4,2000,6.133398,7.443078,1.308333,1.386294,1.386294,2.302585
470,3712,7.9,8,New_Development,,,,,,,,,2002,6.152733,8.219326,2.066863,,,2.079442
151,1329,8.8,12,Enhancement,Communications,Telecommunications,,,,,4,4,1999,5.01728,7.192182,2.174752,1.386294,1.386294,2.484907
429,2151,5,5,New_Development,,,,,,,5,,1998,6.061457,7.673688,1.609438,1.609438,,1.609438
128,2790,21.8,3,Enhancement,Insurance,,FinancialAccounting,MF,3GL,COBOL,,,2002,4.85203,7.933797,3.08191,,,1.098612
11,40,3.6,2.17,Enhancement,,,,,,,,,2004,2.397895,3.688879,1.280934,,,0.774727
65,682,10.5,3,New_Development,Communications,Telecommunications,,,3GL,C,3,3,1999,4.174387,6.52503,2.351375,1.098612,1.098612,1.098612
198,629,3.2,6,Enhancement,Banking,,FinancialAccounting,MF,3GL,PL/I,,,2001,5.288267,6.444131,1.163151,,,1.791759
34,196,5.8,2.93,Enhancement,,,,,,,,,2004,3.526361,5.278115,1.757858,,,1.075002
44,3392,77.1,8.9,Enhancement,,,TransactionProductionSystem,MF,3GL,COBOL,2,,2000,3.78419,8.129175,4.345103,0.693147,,2.186051
11,181,16.5,0.99,Enhancement,,,,,,,,,2004,2.397895,5.198497,2.80336,,,-0.01005
55,1543,28.1,10.4,Enhancement,,,TransactionProductionSystem,MF,3GL,COBOL,2,,2002,4.007333,7.341484,3.33577,0.693147,,2.341806
155,476,3.1,5,Enhancement,,,,,,,2,,1998,5.043425,6.165418,1.131402,0.693147,,1.609438
92,967,10.5,3,Enhancement,Communications,Telecommunications,TransactionProductionSystem,,4GL,NATURAL,5,5,1999,4.521789,6.874198,2.351375,1.609438,1.609438,1.098612
60,425,7.1,2.96,Enhancement,,,,,,,,,2004,4.094345,6.052089,1.960095,,,1.085189
201,2102,10.5,5,Enhancement,,,,,,,7,,1999,5.303305,7.650645,2.351375,1.94591,,1.609438
796,5864,7.4,14,New_Development,Communications,Telecommunications,TransactionProductionSystem,MR,,,14,14,2000,6.679599,8.676587,2.00148,2.639057,2.639057,2.639057
78,89,1.1,1,Enhancement,Communications,Telecommunications,TransactionProductionSystem,PC,4GL,VB,5,5,1999,4.356709,4.488636,0.09531,1.609438,1.609438,0
21,897,42.7,,Enhancement,,,,,3GL,COBOL,,,2004,3.044522,6.799056,3.754199,,,
113,1357,12,7,New_Development,Communications,Telecommunications,,,4GL,SQL,4,4,1999,4.727388,7.213032,2.484907,1.386294,1.386294,1.94591
9,107,11.9,1.5,Enhancement,Banking,,FinancialAccounting,MF,3GL,PL/I,,,2001,2.197225,4.672829,2.476538,,,0.405465
59,4642,78.7,2,Enhancement,Communications,Telecommunications,TransactionProductionSystem,,3GL,C++,13,13,1999,4.077537,8.442901,4.365643,2.564949,2.564949,0.693147
293,9270,31.6,,Enhancement,,,,,3GL,Java,,,2004,5.680173,9.134539,3.453157,,,
27,91,3.4,5.39,Enhancement,,,,,4GL,ORACLE,,,2004,3.295837,4.51086,1.223775,,,1.684545
503,482,1,5,Enhancement,,,,,,,3,,1998,6.22059,6.177944,0,1.098612,,1.609438
310,6160,19.9,3,Enhancement,Insurance,,FinancialAccounting,MF,3GL,VB,15,,2002,5.736572,8.725832,2.99072,2.70805,,1.098612
2131,8640,4.1,7.3,Enhancement,,,TransactionProductionSystem,MF,3GL,COBOL,4,,1998,7.664347,9.064158,1.410987,1.386294,,1.987874
98,636,6.5,7,Enhancement,,,,,,,2,,1998,4.584967,6.455199,1.871802,0.693147,,1.94591
594,6726,11.3,5,Enhancement,Insurance,,FinancialAccounting,Multi,3GL,VB,,,2002,6.386879,8.813736,2.424803,,,1.609438
141,2019,14.3,8,Enhancement,Communications,Telecommunications,TransactionProductionSystem,,3GL,C,7,7,2001,4.94876,7.610358,2.66026,1.94591,1.94591,2.079442
47,384,8.2,2.47,Enhancement,,,,,4GL,ORACLE,,,2004,3.850148,5.950643,2.104134,,,0.904218
176,9662,54.9,,Enhancement,Ordering,,MIS,MF,3GL,C,,,2002,5.170484,9.175956,4.005513,,,
113,754,6.7,3,New_Development,Communications,,TransactionProductionSystem,MF,4GL,ORACLE,,,2000,4.727388,6.625392,1.902108,,,1.098612
95,1101,11.6,8,Enhancement,Communications,Telecommunications,MIS,MR,3GL,Java,7,7,2000,4.553877,7.003974,2.451005,1.94591,1.94591,2.079442
1003,15794,15.7,12,Enhancement,Communications,Telecommunications,MIS,,4GL,SQL,20,20,1999,6.910751,9.667385,2.753661,2.995732,2.995732,2.484907
18,3002,166.8,13,Enhancement,Banking,,FinancialAccounting,MF,3GL,PL/I,,,2001,2.890372,8.007034,5.116795,,,2.564949
450,7080,15.7,8,Enhancement,Communications,Telecommunications,TransactionProductionSystem,MR,3GL,C++,20,20,2000,6.109248,8.865029,2.753661,2.995732,2.995732,2.079442
270,7837,29,,Enhancement,Ordering,,MIS,,3GL,C,,,2002,5.598422,8.966611,3.367296,,,
55,2098,38.1,4,Enhancement,Communications,Telecommunications,MIS,,4GL,SQL,16,16,2000,4.007333,7.64874,3.640214,2.772589,2.772589,1.386294
125,1902,15.2,4,Enhancement,Communications,Telecommunications,TransactionProductionSystem,PC,4GL,VB,6,6,1999,4.828314,7.550661,2.721295,1.791759,1.791759,1.386294
18,864,48,2.6,Enhancement,,,,,4GL,ORACLE,,,2004,2.890372,6.761573,3.871201,,,0.955511
39,2794,71.6,,Enhancement,,,,,3GL,COBOL,,,2004,3.663562,7.93523,4.271095,,,
112,1622,14.5,,New_Development,Banking,Banking,TransactionProductionSystem,MF,3GL,COBOL,,,1996,4.718499,7.391415,2.674149,,,
140,4141,29.6,3,New_Development,Communications,Telecommunications,,MR,3GL,Java,10,10,2000,4.941642,8.328693,3.387774,2.302585,2.302585,1.098612
227,1865,8.2,6,New_Development,FinPropAndBusiServ,Banking,,MF,3GL,COBOL,4,,1992,5.42495,7.531016,2.104134,1.386294,,1.791759
40,7427,185.7,,Enhancement,,,,,3GL,Java,,,2004,3.688879,8.912877,5.224132,,,
245,268,1.1,4,New_Development,,,,,,,2,,1998,5.501258,5.590987,0.09531,0.693147,,1.386294
252,2101,8.3,4,New_Development,Banking,Banking,TransactionProductionSystem,MF,3GL,COBOL,6,2.4,1995,5.529429,7.650169,2.116256,1.791759,0.875469,1.386294
126,7760,61.6,12.4,New_Development,,,TransactionProductionSystem,MF,3GL,COBOL,8,,2000,4.836282,8.956738,4.120662,2.079442,,2.517696
650,4820,7.4,13,New_Development,,,,,,,7,2,1997,6.476972,8.480529,2.00148,1.94591,0.693147,2.564949
101,696,6.9,5,Enhancement,,,,,,,2,,1998,4.615121,6.54535,1.931521,0.693147,,1.609438
939,14880,15.8,10,New_Development,,,,,,,,,2002,6.844815,9.607773,2.76001,,,2.302585
199,1073,5.4,2.5,Enhancement,Insurance,,FinancialAccounting,Multi,3GL,C++,,,2002,5.293305,6.978214,1.686399,,,0.916291
219,1219,5.6,5,New_Development,,,,,,,7,,1998,5.389072,7.105786,1.722767,1.94591,,1.609438
361,1848,5.1,6,Enhancement,,,,,,,3,,1999,5.888878,7.521859,1.629241,1.098612,,1.791759
3,105,35,2.73,Enhancement,,,,,4GL,ORACLE,,,2004,1.098612,4.65396,3.555348,,,1.004302
128,2444,19.1,17.5,Enhancement,,,TransactionProductionSystem,MF,3GL,COBOL,0.5,,2000,4.85203,7.801391,2.949688,-0.693147,,2.862201
14,160,11.4,0.4,Enhancement,Banking,,FinancialAccounting,MF,3GL,PL/I,,,2000,2.639057,5.075174,2.433613,,,-0.916291
111,619,5.6,,Enhancement,Ordering,,MIS,,3GL,COBOL,,,2002,4.70953,6.428105,1.722767,,,
99,224,2.3,6,Enhancement,Insurance,,FinancialAccounting,MF,3GL,COBOL,,,2001,4.59512,5.411646,0.832909,,,1.791759
82,1152,14,3,Enhancement,Communications,Telecommunications,TransactionProductionSystem,,4GL,NATURAL,6,6,2000,4.406719,7.049255,2.639057,1.791759,1.791759,1.098612
1013,5880,5.8,6,New_Development,,,,,,,7,,1999,6.920672,8.679312,1.757858,1.94591,,1.791759
69,2726,39.5,,Enhancement,Ordering,,MIS,,3GL,C,,,2002,4.234107,7.910591,3.676301,,,
68,143,2.1,1,Enhancement,Communications,Telecommunications,TransactionProductionSystem,PC,4GL,ORACLE,,,2000,4.219508,4.962845,0.741937,,,0
380,2811,7.4,7,Enhancement,Communications,Telecommunications,MIS,,4GL,ORACLE,7,7,1999,5.940171,7.941296,2.00148,1.94591,1.94591,1.94591
309,1575,5.1,5.9,New_Development,Insurance,,FinancialAccounting,Multi,4GL,VB,,,2002,5.733341,7.362011,1.629241,,,1.774952
141,3902,27.7,,Enhancement,Ordering,,MIS,,3GL,C++,,,2002,4.94876,8.269245,3.321432,,,
876,6605,7.5,11,Enhancement,Communications,Telecommunications,MIS,MR,4GL,ORACLE,17,17,2000,6.775366,8.795582,2.014903,2.833213,2.833213,2.397895
275,931,3.4,4,Enhancement,,,,,,,5,,1999,5.616771,6.836259,1.223775,1.609438,,1.386294
419,3845,9.2,11,New_Development,Communications,Telecommunications,MIS,MR,4GL,SQL,9,9,2001,6.037871,8.254529,2.219203,2.197225,2.197225,2.397895
374,1838,4.9,4,New_Development,Banking,Banking,TransactionProductionSystem,MF,3GL,COBOL,11,4.4,1995,5.924256,7.516433,1.589235,2.397895,1.481605,1.386294
31,99,3.2,5.42,Enhancement,,,,,,,,,2004,3.433987,4.59512,1.163151,,,1.690096
81,80,1,2,Enhancement,Communications,Telecommunications,TransactionProductionSystem,PC,4GL,VB,1,1,2000,4.394449,4.382027,0,0,0,0.693147
62,1080,17.4,2,Enhancement,Communications,,TransactionProductionSystem,PC,4GL,ORACLE,,,2000,4.127134,6.984716,2.85647,,,0.693147
76,2412,31.7,5,Enhancement,Communications,Telecommunications,,MR,3GL,C++,7,7,2000,4.330733,7.788212,3.456317,1.94591,1.94591,1.609438
150,446,3,5,Enhancement,,,,,,,2,,1999,5.010635,6.100319,1.098612,0.693147,,1.609438
601,1348,2.2,8,New_Development,,,,,,,6,,1999,6.398595,7.206377,0.788457,1.791759,,2.079442
410,646,1.6,2,Enhancement,Communications,Telecommunications,MIS,MR,4GL,SQL,2,2,2000,6.016157,6.4708,0.470004,0.693147,0.693147,0.693147
104,6987,67.2,5,Enhancement,Communications,Telecommunications,,,,,25,25,2000,4.644391,8.851807,4.207673,3.218876,3.218876,1.609438
6,94,15.7,0.36,Enhancement,,,,,3GL,COBOL,,,2004,1.791759,4.543295,2.753661,,,-1.021651
60,1102,18.4,5,Enhancement,Banking,Banking,MIS,MF,3GL,COBOL,,,1996,4.094345,7.004882,2.912351,,,1.609438
132,1543,11.7,,Enhancement,,,,,3GL,Java,,,2004,4.882802,7.341484,2.459589,,,
10,2032,203.2,1.64,Enhancement,,,,,4GL,ORACLE,,,2004,2.302585,7.616776,5.314191,,,0.494696
47,354,7.5,1.71,Enhancement,,,,,,,,,2004,3.850148,5.869297,2.014903,,,0.536493
367,3483,9.5,8,Enhancement,Communications,Telecommunications,TransactionProductionSystem,PC,4GL,VB,10,10,2000,5.905362,8.155649,2.251292,2.302585,2.302585,2.079442
348,8543,24.5,6,New_Development,Communications,Telecommunications,TransactionProductionSystem,PC,,,22,22,2000,5.852202,9.052868,3.198673,3.091042,3.091042,1.791759
131,1252,9.6,8,Enhancement,,,,,,,1,,1998,4.875197,7.132498,2.261763,0,,2.079442
349,4134,11.8,5,Enhancement,Communications,Telecommunications,TransactionProductionSystem,MR,4GL,SQL,12,12,2000,5.855072,8.327001,2.4681,2.484907,2.484907,1.609438
744,3439,4.6,7,New_Development,,,,,,,11,4.7,1998,6.612041,8.142936,1.526056,2.397895,1.547563,1.94591
48,1213,25.3,3,Enhancement,Communications,Telecommunications,NetworkManagement,PC,3GL,Java,4,4,2000,3.871201,7.100852,3.230804,1.386294,1.386294,1.098612
377,8437,22.4,,Enhancement,,,,,3GL,Java,,,2004,5.932245,9.040382,3.109061,,,
345,20859,60.5,,Enhancement,Voice_Provisioning,,VoiceProvisioning,,3GL,Java,,,2002,5.843544,9.945541,4.102643,,,
115,1576,13.7,5,Enhancement,Communications,Telecommunications,TransactionProductionSystem,,4GL,NATURAL,9,9,2000,4.744932,7.362645,2.617396,2.197225,2.197225,1.609438
2045,3613,1.8,3,Enhancement,Insurance,,FinancialAccounting,Multi,4GL,VB,,,1999,7.623153,8.192294,0.587787,,,1.098612
19,1081,56.9,2.1,Enhancement,,,,,,,,,2004,2.944439,6.985642,4.041295,,,0.741937
721,6552,9.1,6,Enhancement,,,,,,,12,,1998,6.580639,8.787526,2.208274,2.484907,,1.791759
42,296,7,2.73,Enhancement,,,,,3GL,C,,,2004,3.73767,5.690359,1.94591,,,1.004302
1510,5740,3.8,11,New_Development,Manufacturing,,MIS,Multi,4GL,VB,,,2000,7.319865,8.655214,1.335001,,,2.397895
111,1521,13.7,3.06,Enhancement,,,,,4GL,ORACLE,,,2004,4.70953,7.327123,2.617396,,,1.118415
309,25900,83.8,4.9,Enhancement,Insurance,,FinancialAccounting,Multi,3GL,VB,,,2001,5.733341,10.161998,4.428433,,,1.589235
197,1049,5.3,2,Enhancement,Communications,Telecommunications,TransactionProductionSystem,,4GL,NATURAL,3,3,1999,5.283204,6.955593,1.667707,1.098612,1.098612,0.693147
18,1015,56.4,,New_Development,FinPropAndBusiServ,Banking,,MF,3GL,COBOL,,,1991,2.890372,6.922644,4.032469,,,
212,2325,11,4,Enhancement,Communications,Telecommunications,TransactionProductionSystem,MR,4GL,SQL,8,8,2000,5.356586,7.751475,2.397895,2.079442,2.079442,1.386294
36,288,8,2.2,Enhancement,Banking,,FinancialAccounting,MF,3GL,PL/I,,,2001,3.583519,5.66296,2.079442,,,0.788457
58,1694,29.2,,Enhancement,FinPropAndBusiServ,,FinancialAccounting,MF,4GL,ORACLE,,,2002,4.060443,7.434848,3.374169,,,
113,1350,11.9,6,Enhancement,,,,,,,5,,1999,4.727388,7.20786,2.476538,1.609438,,1.791759
1987,3613,1.8,3,Enhancement,Insurance,,FinancialAccounting,Multi,4GL,VB,,,2000,7.594381,8.192294,0.587787,,,1.098612
100,830,8.3,6,New_Development,,,,,,,4,,1997,4.60517,6.721426,2.116256,1.386294,,1.791759
4,8,2,1.38,Enhancement,,,,,,,,,2004,1.386294,2.079442,0.693147,,,0.322083
66,349,5.3,3,Enhancement,Communications,Telecommunications,TransactionProductionSystem,PC,3GL,COBOL,2,2,2000,4.189655,5.855072,1.667707,0.693147,0.693147,1.098612
84,2113,25.2,,Enhancement,Voice_Provisioning,,VoiceProvisioning,,3GL,C++,,,2002,4.430817,7.655864,3.226844,,,
897,2798,3.1,18,New_Development,Communications,Telecommunications,,,4GL,VB,2,2,2000,6.799056,7.93666,1.131402,0.693147,0.693147,2.890372
1174,9200,7.8,9,Enhancement,Banking,,FinancialAccounting,MR,3GL,C++,,,2002,7.068172,9.126959,2.054124,,,2.197225
1194,8162,6.8,10.8,New_Development,Insurance,,MIS,PC,4GL,VB,,,2001,7.085064,9.007245,1.916923,,,2.379546
77,91,1.2,,Enhancement,FinPropAndBusiServ,,FinancialAccounting,MF,4GL,ORACLE,,,2002,4.343805,4.51086,0.182322,,,
324,2455,7.6,6,New_Development,Communications,Telecommunications,NetworkManagement,MR,3GL,C++,6,6,2000,5.780744,7.805882,2.028148,1.791759,1.791759,1.791759
306,2201,7.2,3.62,Enhancement,,,,,3GL,C,,,2004,5.723585,7.696667,1.974081,,,1.286474
136,724,5.3,6,New_Development,Communications,Telecommunications,,,4GL,VB,2,2,1999,4.912655,6.584791,1.667707,0.693147,0.693147,1.791759
189,1240,6.6,,Enhancement,FinPropAndBusiServ,,FinancialAccounting,MF,4GL,ORACLE,,,2002,5.241747,7.122867,1.88707,,,
88,4319,49.1,5,Enhancement,Communications,Telecommunications,TransactionProductionSystem,PC,,,9,9,2000,4.477337,8.370779,3.893859,2.197225,2.197225,1.609438
58,1835,31.6,,Enhancement,FinPropAndBusiServ,,FinancialAccounting,MF,4GL,ORACLE,,,2002,4.060443,7.5148,3.453157,,,
231,4116,17.8,12,New_Development,FinPropAndBusiServ,Banking,,MF,3GL,COBOL,4,,1992,5.442418,8.322637,2.879198,1.386294,,2.484907
122,948,7.8,3,Enhancement,Insurance,,FinancialAccounting,MF,3GL,COBOL,4,,2002,4.804021,6.854355,2.054124,1.386294,,1.098612
78,3227,41.4,4,Enhancement,Communications,Telecommunications,NetworkManagement,,3GL,C,15,15,1999,4.356709,8.079308,3.723281,2.70805,2.70805,1.386294
56,133,2.4,,Enhancement,FinPropAndBusiServ,,FinancialAccounting,MF,4GL,ORACLE,,,2002,4.025352,4.890349,0.875469,,,
581,4352,7.5,4,New_Development,Communications,Telecommunications,,,3GL,C,9,9,1999,6.364751,8.378391,2.014903,2.197225,2.197225,1.386294
202,13415,66.4,18,New_Development,,,,,3GL,C,8,5.3,1998,5.308268,9.504129,4.195697,2.079442,1.667707,2.890372
14,480,34.3,2,New_Development,Communications,,TransactionProductionSystem,PC,3GL,COBOL,,,2000,2.639057,6.173786,3.535145,,,0.693147
2468,33760,13.7,,New_Development,,,,,,,,,2002,7.811163,10.427032,2.617396,,,
4,15,3.8,2.33,Enhancement,,,,,3GL,C,,,2004,1.386294,2.70805,1.335001,,,0.845868
137,2390,17.4,6,Enhancement,Communications,Telecommunications,TransactionProductionSystem,MR,3GL,C++,14,14,2000,4.919981,7.779049,2.85647,2.639057,2.639057,1.791759
131,498,3.8,7,Enhancement,,,,,,,5,,1998,4.875197,6.2106,1.335001,1.609438,,1.94591
263,4393,16.7,5,Enhancement,Communications,Telecommunications,TransactionProductionSystem,MR,4GL,ORACLE,,,2001,5.572154,8.387768,2.815409,,,1.609438
305,623,2,3,New_Development,,,,,,,5,,1999,5.720312,6.434547,0.693147,1.609438,,1.098612
438,2142,4.9,1,Enhancement,,,,,3GL,C,6,,1999,6.082219,7.669495,1.589235,1.791759,,0
407,9013,22.1,7,New_Development,Banking,Banking,TransactionProductionSystem,MF,3GL,COBOL,8,4.4,1994,6.008813,9.106423,3.095578,2.079442,1.481605,1.94591
213,1025,4.8,7,New_Development,,,,,3GL,C,2,,1998,5.361292,6.932448,1.568616,0.693147,,1.94591
72,451,6.3,1,Enhancement,Communications,Telecommunications,TransactionProductionSystem,,3GL,COBOL,,,1999,4.276666,6.111467,1.84055,,,0
724,3092,4.3,3.5,New_Development,Manufacturing,,MIS,MR,3GL,Java,,,2001,6.584791,8.036573,1.458615,,,1.252763
365,3322,9.1,9,New_Development,Communications,Telecommunications,MIS,PC,4GL,VB,4,4,2000,5.899897,8.108322,2.208274,1.386294,1.386294,2.197225
77,938,12.2,2.93,Enhancement,,,,,,,,,2004,4.343805,6.84375,2.501436,,,1.075002
238,1386,5.8,6,New_Development,,,,,3GL,C++,3,,1999,5.472271,7.234177,1.757858,1.098612,,1.791759
353,9899,28,11,Enhancement,Communications,Telecommunications,TransactionProductionSystem,,3GL,COBOL,24,24,1999,5.866468,9.200189,3.332205,3.178054,3.178054,2.397895
85,1119,13.2,1,New_Development,Communications,,TransactionProductionSystem,PC,4GL,ORACLE,,,2000,4.442651,7.020191,2.580217,,,0
19,558,29.4,2,Enhancement,Banking,,FinancialAccounting,MF,3GL,PL/I,,,2000,2.944439,6.324359,3.380995,,,0.693147
703,4186,6,6,Enhancement,,,,,3GL,C,8,,1999,6.555357,8.339501,1.791759,2.079442,,1.791759
786,3836,4.9,5,Enhancement,,,,,3GL,C,5,,1997,6.666957,8.252185,1.589235,1.609438,,1.609438
119,2321,19.5,11,Enhancement,Banking,,FinancialAccounting,MF,3GL,PL/I,,,1999,4.779123,7.749753,2.970414,,,2.397895
328,864,2.6,10,Enhancement,,,,,,,3,,1998,5.793014,6.761573,0.955511,1.098612,,2.302585
53,849,16,3,New_Development,Banking,Banking,TransactionProductionSystem,MF,3GL,COBOL,3,1.8,1994,3.970292,6.744059,2.772589,1.098612,0.587787,1.098612
194,2853,14.7,,New_Development,FinPropAndBusiServ,Banking,,MF,3GL,COBOL,,,1992,5.267858,7.956126,2.687847,,,
226,2031,9,5,Enhancement,Communications,Telecommunications,NetworkManagement,,4GL,NATURAL,4,4,2000,5.420535,7.616284,2.197225,1.386294,1.386294,1.609438
36,297,8.3,2.86,Enhancement,,,,,,,,,2004,3.583519,5.693732,2.116256,,,1.050822
118,716,6.1,4,Enhancement,,,,,,,4,,1997,4.770685,6.57368,1.808289,1.386294,,1.386294
1169,4256,3.6,5,New_Development,,,,,,,17,8.8,1997,7.063904,8.356085,1.280934,2.833213,2.174752,1.609438
10,51,5.1,0.6,Enhancement,Banking,,FinancialAccounting,MF,3GL,PL/I,,,2001,2.302585,3.931826,1.629241,,,-0.510826
325,4219,13,,Enhancement,,,,,3GL,Java,,,2003,5.783825,8.347353,2.564949,,,
87,619,7.1,2,Enhancement,Communications,,TransactionProductionSystem,MF,4GL,ORACLE,,,2000,4.465908,6.428105,1.960095,,,0.693147
101,889,8.8,1,Enhancement,,,,,3GL,C,5,,1997,4.615121,6.790097,2.174752,1.609438,,0
403,901,2.2,6,Enhancement,,,,,,,7,,1998,5.998937,6.803505,0.788457,1.94591,,1.791759
115,1764,15.3,6,Enhancement,Communications,Telecommunications,TransactionProductionSystem,PC,4GL,NATURAL,,,2001,4.744932,7.475339,2.727853,,,1.791759
8,60,7.5,0.82,Enhancement,,,,,,,,,2004,2.079442,4.094345,2.014903,,,-0.198451
177,789,4.5,8,New_Development,Communications,Telecommunications,,,4GL,VB,3,3,2000,5.17615,6.670766,1.504077,1.098612,1.098612,2.079442
162,774,4.8,3,Enhancement,Banking,Banking,MIS,MF,4GL,VB,,,1996,5.087596,6.651572,1.568616,,,1.098612
24,59,2.5,2.17,Enhancement,,,,,3GL,C,,,2004,3.178054,4.077537,0.916291,,,0.774727
228,4067,17.8,8,New_Development,,,,,3GL,Java,,,2003,5.429346,8.310661,2.879198,,,2.079442
1993,648,0.3,3,Enhancement,,,,,,,16,,1998,7.597396,6.473891,-1.203973,2.772589,,1.098612
266,238,0.9,1,Enhancement,,,,,,,4,,1997,5.583496,5.472271,-0.105361,1.386294,,0
1247,12794,10.3,3,Enhancement,Insurance,,FinancialAccounting,PC,3GL,Java,22.5,,2002,7.128496,9.456732,2.332144,3.113515,,1.098612
729,16179,22.2,13,New_Development,FinPropAndBusiServ,Banking,,MF,3GL,COBOL,7,,1991,6.591674,9.691469,3.100092,1.94591,,2.564949
113,835,7.4,5,New_Development,,,,,3GL,C,2,,1998,4.727388,6.727432,2.00148,0.693147,,1.609438
68,200,2.9,8.35,Enhancement,,,,,,,,,2004,4.219508,5.298317,1.064711,,,2.122262
23,480,20.9,1.6,Enhancement,Banking,,FinancialAccounting,MF,3GL,PL/I,,,2001,3.135494,6.173786,3.039749,,,0.470004
81,1214,15,,Enhancement,FinPropAndBusiServ,,FinancialAccounting,MF,3GL,COBOL,,,2002,4.394449,7.101676,2.70805,,,
99,2815,28.4,,Enhancement,Voice_Provisioning,,VoiceProvisioning,MF,3GL,C++,,,2002,4.59512,7.942718,3.346389,,,
104,7677,73.8,6,Enhancement,Insurance,,FinancialAccounting,MF,3GL,COBOL,,,2002,4.644391,8.945984,4.301359,,,1.791759
224,2767,12.4,6,New_Development,,,,,3GL,VB,5,3,1998,5.411646,7.925519,2.517696,1.609438,1.098612,1.791759
1028,819,0.8,,New_Development,,,,,,,,,2002,6.93537,6.708084,-0.223144,,,
146,612,4.2,3,Enhancement,,,,,,,2,,1997,4.983607,6.416732,1.435085,0.693147,,1.098612
400,2350,5.9,9,Enhancement,,,,,,,10,5,1999,5.991465,7.762171,1.774952,2.302585,1.609438,2.197225
68,385,5.7,1,Enhancement,Communications,,TransactionProductionSystem,MF,4GL,ORACLE,,,2000,4.219508,5.953243,1.740466,,,0
1471,2704,1.8,9,New_Development,Communications,Telecommunications,,,,,22,22,2000,7.293698,7.902487,0.587787,3.091042,3.091042,2.197225
197,1214,6.2,,Enhancement,FinPropAndBusiServ,,FinancialAccounting,,,,,,2002,5.283204,7.101676,1.824549,,,
291,710,2.4,2,New_Development,,,,,,,3,1.7,1998,5.673323,6.565265,0.875469,1.098612,0.530628,0.693147
